{"stats":{"minecraft:mined":{"minecraft:crafting_table":3,"minecraft:torch":1,"minecraft:grass_block":1,"minecraft:copper_ore":7,"minecraft:spruce_leaves":1,"minecraft:lapis_ore":4,"minecraft:blue_bed":3,"minecraft:large_fern":24,"minecraft:redstone_ore":1,"minecraft:furnace":5,"minecraft:iron_ore":17,"minecraft:ice":3,"minecraft:andesite":3,"minecraft:grass":10,"minecraft:oak_log":41,"minecraft:coal_ore":61,"minecraft:lantern":2,"minecraft:gravel":3,"minecraft:spruce_fence_gate":1,"minecraft:stone":57,"minecraft:gold_ore":1,"minecraft:fern":1},"minecraft:custom":{"minecraft:interact_with_furnace":10,"minecraft:mob_kills":13,"minecraft:interact_with_crafting_table":5,"minecraft:time_since_death":24000,"minecraft:sleep_in_bed":3,"minecraft:time_since_rest":6220,"minecraft:sprint_one_cm":61593,"minecraft:damage_taken":508,"minecraft:walk_one_cm":65126,"minecraft:damage_blocked_by_shield":190,"minecraft:drop":1,"minecraft:damage_dealt":1670,"minecraft:talked_to_villager":1,"minecraft:swim_one_cm":4314,"minecraft:fly_one_cm":31756,"minecraft:open_chest":1,"minecraft:crouch_one_cm":569,"minecraft:play_time":24000,"minecraft:sneak_time":555,"minecraft:walk_under_water_one_cm":10130,"minecraft:jump":395,"minecraft:walk_on_water_one_cm":19567,"minecraft:total_world_time":24000,"minecraft:fall_one_cm":6753},"minecraft:used":{"minecraft:shield":2,"minecraft:iron_sword":76,"minecraft:blue_bed":1,"minecraft:rotten_flesh":2,"minecraft:torch":3,"minecraft:crafting_table":3,"minecraft:iron_axe":48,"minecraft:lantern":2,"minecraft:iron_pickaxe":175,"minecraft:cobblestone":5,"minecraft:beef":3,"minecraft:furnace":3,"minecraft:cooked_porkchop":4},"minecraft:picked_up":{"minecraft:crafting_table":3,"minecraft:andesite":4,"minecraft:leather":3,"minecraft:oak_log":47,"minecraft:lapis_lazuli":23,"minecraft:blue_bed":3,"minecraft:dirt":8,"minecraft:lantern":2,"minecraft:raw_copper":27,"minecraft:bone":1,"minecraft:wheat_seeds":5,"minecraft:raw_gold":1,"minecraft:iron_ingot":17,"minecraft:beef":6,"minecraft:furnace":5,"minecraft:raw_iron":17,"minecraft:torch":1,"minecraft:gravel":4,"minecraft:porkchop":17,"minecraft:redstone":4,"minecraft:spruce_fence_gate":1,"minecraft:rotten_flesh":2,"minecraft:coal":61,"minecraft:cobblestone":57},"minecraft:killed":{"minecraft:pig":6,"minecraft:spider":1,"minecraft:skeleton":1,"minecraft:zombie":2,"minecraft:cow":3},"minecraft:dropped":{"minecraft:gravel":1},"minecraft:crafted":{"minecraft:oak_planks":188,"minecraft:cooked_porkchop":4,"minecraft:crafting_table":1,"minecraft:iron_sword":1,"minecraft:bucket":2,"minecraft:iron_chestplate":1,"minecraft:shield":1,"minecraft:iron_axe":1,"minecraft:stick":8,"minecraft:iron_ingot":7,"minecraft:iron_pickaxe":1,"minecraft:torch":12}},"DataVersion":3465}