{"stats":{"minecraft:mined":{"minecraft:white_bed":1,"minecraft:red_bed":1,"minecraft:deepslate_diamond_ore":2,"minecraft:torch":4,"minecraft:crafting_table":4,"minecraft:grass_block":16,"minecraft:poppy":1,"minecraft:copper_ore":16,"minecraft:spruce_leaves":1,"minecraft:lapis_ore":4,"minecraft:wall_torch":3,"minecraft:blue_bed":4,"minecraft:large_fern":24,"minecraft:redstone_ore":7,"minecraft:furnace":5,"minecraft:iron_ore":17,"minecraft:snow":1,"minecraft:ice":3,"minecraft:spruce_log":7,"minecraft:andesite":3,"minecraft:grass":10,"minecraft:oak_log":41,"minecraft:coal_ore":94,"minecraft:deepslate_iron_ore":15,"minecraft:dirt_path":2,"minecraft:lantern":2,"minecraft:gravel":3,"minecraft:dirt":18,"minecraft:spruce_fence_gate":1,"minecraft:stone":83,"minecraft:gold_ore":6,"minecraft:deepslate":11,"minecraft:fern":1},"minecraft:custom":{"minecraft:interact_with_furnace":17,"minecraft:mob_kills":18,"minecraft:interact_with_crafting_table":10,"minecraft:leave_game":2,"minecraft:time_since_death":56381,"minecraft:sleep_in_bed":4,"minecraft:time_since_rest":25685,"minecraft:sprint_one_cm":120970,"minecraft:damage_taken":947,"minecraft:walk_one_cm":143352,"minecraft:damage_blocked_by_shield":695,"minecraft:drop":7,"minecraft:damage_dealt":2550,"minecraft:talked_to_villager":1,"minecraft:swim_one_cm":4314,"minecraft:fly_one_cm":61014,"minecraft:open_chest":5,"minecraft:crouch_one_cm":1443,"minecraft:play_time":56381,"minecraft:sneak_time":1543,"minecraft:walk_under_water_one_cm":34114,"minecraft:jump":974,"minecraft:walk_on_water_one_cm":60181,"minecraft:total_world_time":56381,"minecraft:fall_one_cm":19047},"minecraft:used":{"minecraft:wheat_seeds":5,"minecraft:water_bucket":29,"minecraft:chest":1,"minecraft:shield":9,"minecraft:iron_sword":114,"minecraft:wooden_shovel":36,"minecraft:blue_bed":4,"minecraft:rotten_flesh":5,"minecraft:torch":14,"minecraft:dirt":43,"minecraft:crafting_table":6,"minecraft:red_bed":1,"minecraft:white_bed":1,"minecraft:tuff":3,"minecraft:wooden_hoe":5,"minecraft:lava_bucket":6,"minecraft:iron_axe":56,"minecraft:lantern":2,"minecraft:iron_pickaxe":282,"minecraft:cobblestone":5,"minecraft:beef":6,"minecraft:furnace":6,"minecraft:porkchop":7,"minecraft:cooked_porkchop":7,"minecraft:bucket":36,"minecraft:bone_meal":3},"minecraft:picked_up":{"minecraft:crafting_table":4,"minecraft:andesite":8,"minecraft:leather":3,"minecraft:tuff":3,"minecraft:oak_log":47,"minecraft:string":1,"minecraft:lapis_lazuli":23,"minecraft:blue_bed":4,"minecraft:dirt":43,"minecraft:red_bed":1,"minecraft:lantern":2,"minecraft:raw_copper":55,"minecraft:bone":6,"minecraft:wheat_seeds":5,"minecraft:cobbled_deepslate":10,"minecraft:raw_gold":6,"minecraft:iron_ingot":17,"minecraft:beef":6,"minecraft:furnace":5,"minecraft:stick":4,"minecraft:raw_iron":32,"minecraft:torch":7,"minecraft:gravel":7,"minecraft:porkchop":17,"minecraft:diorite":1,"minecraft:white_bed":1,"minecraft:spruce_log":7,"minecraft:redstone":28,"minecraft:spider_eye":1,"minecraft:spruce_fence_gate":1,"minecraft:arrow":3,"minecraft:rotten_flesh":7,"minecraft:diamond":2,"minecraft:snowball":1,"minecraft:coal":94,"minecraft:cobblestone":87},"minecraft:killed":{"minecraft:pig":6,"minecraft:spider":2,"minecraft:skeleton":3,"minecraft:zombie":4,"minecraft:cow":3},"minecraft:dropped":{"minecraft:gravel":7,"minecraft:diorite":1,"minecraft:andesite":8,"minecraft:bone":1},"minecraft:crafted":{"minecraft:oak_planks":188,"minecraft:wooden_shovel":1,"minecraft:cooked_porkchop":10,"minecraft:crafting_table":2,"minecraft:spruce_planks":28,"minecraft:iron_sword":1,"minecraft:furnace":1,"minecraft:bone_meal":15,"minecraft:bucket":2,"minecraft:iron_chestplate":1,"minecraft:wooden_hoe":1,"minecraft:shield":1,"minecraft:iron_axe":1,"minecraft:stick":24,"minecraft:iron_ingot":14,"minecraft:iron_pickaxe":3,"minecraft:chest":1,"minecraft:torch":44},"minecraft:broken":{"minecraft:iron_pickaxe":1}},"DataVersion":3465}