{"stats":{"minecraft:mined":{"minecraft:white_bed":1,"minecraft:red_bed":1,"minecraft:deepslate_diamond_ore":2,"minecraft:torch":13,"minecraft:crafting_table":5,"minecraft:grass_block":27,"minecraft:poppy":1,"minecraft:chest":1,"minecraft:copper_ore":16,"minecraft:spruce_leaves":1,"minecraft:deepslate_gold_ore":8,"minecraft:lapis_ore":4,"minecraft:blue_bed":5,"minecraft:wall_torch":4,"minecraft:large_fern":24,"minecraft:redstone_ore":7,"minecraft:furnace":7,"minecraft:wheat":11,"minecraft:iron_ore":33,"minecraft:snow":18,"minecraft:ice":5,"minecraft:spruce_log":7,"minecraft:andesite":3,"minecraft:fletching_table":1,"minecraft:grass":10,"minecraft:water_cauldron":1,"minecraft:coal_ore":120,"minecraft:oak_log":41,"minecraft:deepslate_iron_ore":50,"minecraft:dirt_path":10,"minecraft:lantern":2,"minecraft:gravel":5,"minecraft:dirt":18,"minecraft:spruce_fence_gate":1,"minecraft:stone":83,"minecraft:gold_ore":6,"minecraft:deepslate":12,"minecraft:fern":1},"minecraft:custom":{"minecraft:interact_with_furnace":26,"minecraft:mob_kills":37,"minecraft:interact_with_crafting_table":15,"minecraft:fill_cauldron":1,"minecraft:leave_game":2,"minecraft:time_since_death":92381,"minecraft:sleep_in_bed":6,"minecraft:time_since_rest":27816,"minecraft:sprint_one_cm":212503,"minecraft:damage_taken":1261,"minecraft:walk_one_cm":269063,"minecraft:damage_blocked_by_shield":1265,"minecraft:drop":13,"minecraft:damage_dealt":4801,"minecraft:swim_one_cm":4314,"minecraft:talked_to_villager":4,"minecraft:fly_one_cm":104428,"minecraft:open_chest":23,"minecraft:crouch_one_cm":1930,"minecraft:play_time":92381,"minecraft:sneak_time":2018,"minecraft:walk_under_water_one_cm":36183,"minecraft:jump":1566,"minecraft:walk_on_water_one_cm":81341,"minecraft:total_world_time":92381,"minecraft:fall_one_cm":26357},"minecraft:used":{"minecraft:wheat_seeds":29,"minecraft:water_bucket":37,"minecraft:rabbit":3,"minecraft:spruce_planks":15,"minecraft:chest":2,"minecraft:shield":18,"minecraft:fletching_table":1,"minecraft:iron_sword":236,"minecraft:cauldron":1,"minecraft:wooden_shovel":59,"minecraft:blue_bed":5,"minecraft:rotten_flesh":9,"minecraft:torch":55,"minecraft:dirt":57,"minecraft:crafting_table":6,"minecraft:red_bed":1,"minecraft:white_bed":1,"minecraft:tuff":3,"minecraft:spruce_fence":8,"minecraft:snowball":15,"minecraft:wooden_hoe":21,"minecraft:lava_bucket":15,"minecraft:iron_axe":64,"minecraft:lantern":2,"minecraft:iron_pickaxe":376,"minecraft:beef":6,"minecraft:cobblestone":22,"minecraft:furnace":8,"minecraft:cooked_porkchop":10,"minecraft:porkchop":7,"minecraft:bucket":54,"minecraft:stripped_spruce_wood":10,"minecraft:cobbled_deepslate":10,"minecraft:bone_meal":21},"minecraft:picked_up":{"minecraft:crafting_table":5,"minecraft:wheat":11,"minecraft:andesite":8,"minecraft:leather":3,"minecraft:tuff":3,"minecraft:stripped_spruce_wood":10,"minecraft:oak_log":47,"minecraft:string":2,"minecraft:lapis_lazuli":23,"minecraft:blue_bed":5,"minecraft:dirt":63,"minecraft:red_bed":1,"minecraft:lantern":6,"minecraft:raw_copper":55,"minecraft:bone":11,"minecraft:bell":1,"minecraft:wheat_seeds":30,"minecraft:cobbled_deepslate":21,"minecraft:raw_gold":14,"minecraft:rabbit_hide":3,"minecraft:iron_ingot":17,"minecraft:beef":6,"minecraft:fletching_table":1,"minecraft:rabbit":4,"minecraft:chest":1,"minecraft:furnace":7,"minecraft:stick":4,"minecraft:raw_iron":83,"minecraft:spruce_stairs":1,"minecraft:spruce_fence":20,"minecraft:torch":19,"minecraft:gravel":9,"minecraft:porkchop":17,"minecraft:diorite":1,"minecraft:white_bed":1,"minecraft:spruce_log":19,"minecraft:redstone":28,"minecraft:cauldron":1,"minecraft:spider_eye":1,"minecraft:spruce_fence_gate":1,"minecraft:rotten_flesh":17,"minecraft:arrow":3,"minecraft:diamond":2,"minecraft:snowball":16,"minecraft:coal":142,"minecraft:cobblestone":87},"minecraft:killed":{"minecraft:cat":1,"minecraft:pig":6,"minecraft:rabbit":4,"minecraft:spider":3,"minecraft:skeleton":4,"minecraft:zombie":11,"minecraft:stray":1,"minecraft:cow":3},"minecraft:dropped":{"minecraft:gravel":9,"minecraft:spruce_stairs":1,"minecraft:spruce_fence_gate":1,"minecraft:dirt":6,"minecraft:diorite":1,"minecraft:andesite":8,"minecraft:spider_eye":1,"minecraft:bone":1},"minecraft:crafted":{"minecraft:oak_planks":188,"minecraft:wooden_shovel":1,"minecraft:cooked_porkchop":10,"minecraft:crafting_table":2,"minecraft:spruce_planks":76,"minecraft:iron_helmet":1,"minecraft:iron_sword":1,"minecraft:furnace":1,"minecraft:bone_meal":21,"minecraft:bucket":2,"minecraft:iron_boots":1,"minecraft:iron_chestplate":1,"minecraft:wooden_hoe":1,"minecraft:shield":1,"minecraft:iron_axe":1,"minecraft:stick":108,"minecraft:iron_ingot":32,"minecraft:iron_pickaxe":3,"minecraft:chest":1,"minecraft:iron_leggings":1,"minecraft:gold_ingot":6,"minecraft:torch":124,"minecraft:golden_boots":1},"minecraft:broken":{"minecraft:wooden_shovel":1,"minecraft:iron_pickaxe":1}},"DataVersion":3465}