{"stats":{"minecraft:custom":{"minecraft:mob_kills":49,"minecraft:interact_with_crafting_table":20,"minecraft:fill_cauldron":1,"minecraft:leave_game":2,"minecraft:time_since_death":140381,"minecraft:sprint_one_cm":292651,"minecraft:walk_one_cm":413069,"minecraft:damage_blocked_by_shield":2005,"minecraft:drop":25,"minecraft:talked_to_villager":4,"minecraft:play_time":140381,"minecraft:sneak_time":3197,"minecraft:walk_under_water_one_cm":40932,"minecraft:jump":2277,"minecraft:walk_on_water_one_cm":89842,"minecraft:total_world_time":140381,"minecraft:interact_with_furnace":29,"minecraft:sleep_in_bed":6,"minecraft:time_since_rest":75816,"minecraft:damage_taken":1699,"minecraft:damage_dealt":6279,"minecraft:fly_one_cm":129720,"minecraft:swim_one_cm":4314,"minecraft:open_chest":27,"minecraft:crouch_one_cm":2908,"minecraft:fall_one_cm":35319},"minecraft:mined":{"minecraft:white_bed":1,"minecraft:mossy_cobblestone":11,"minecraft:deepslate_diamond_ore":2,"minecraft:glow_lichen":1,"minecraft:granite":1,"minecraft:grass_block":27,"minecraft:spruce_leaves":1,"minecraft:large_fern":24,"minecraft:redstone_ore":7,"minecraft:furnace":7,"minecraft:iron_ore":43,"minecraft:cobbled_deepslate":1,"minecraft:snow":18,"minecraft:andesite":15,"minecraft:fletching_table":1,"minecraft:dirt_path":10,"minecraft:deepslate_iron_ore":100,"minecraft:water_cauldron":1,"minecraft:lantern":2,"minecraft:packed_ice":5,"minecraft:stone":137,"minecraft:red_bed":1,"minecraft:crafting_table":8,"minecraft:torch":40,"minecraft:poppy":1,"minecraft:chest":3,"minecraft:copper_ore":16,"minecraft:cobblestone":16,"minecraft:lapis_ore":4,"minecraft:deepslate_gold_ore":12,"minecraft:oak_planks":15,"minecraft:diorite":23,"minecraft:wall_torch":8,"minecraft:blue_bed":5,"minecraft:deepslate_copper_ore":4,"minecraft:wheat":11,"minecraft:ice":5,"minecraft:spruce_log":7,"minecraft:grass":10,"minecraft:oak_log":41,"minecraft:coal_ore":151,"minecraft:gravel":6,"minecraft:dirt":26,"minecraft:cobweb":4,"minecraft:spruce_fence_gate":1,"minecraft:gold_ore":7,"minecraft:deepslate":76,"minecraft:fern":1},"minecraft:used":{"minecraft:chest":2,"minecraft:spruce_planks":15,"minecraft:shield":35,"minecraft:iron_sword":261,"minecraft:wooden_shovel":59,"minecraft:rotten_flesh":31,"minecraft:torch":90,"minecraft:dirt":57,"minecraft:tuff":3,"minecraft:spruce_fence":8,"minecraft:snowball":15,"minecraft:lava_bucket":26,"minecraft:lantern":2,"minecraft:iron_axe":136,"minecraft:beef":6,"minecraft:furnace":9,"minecraft:cobbled_deepslate":74,"minecraft:stripped_spruce_wood":10,"minecraft:wheat_seeds":29,"minecraft:water_bucket":54,"minecraft:diorite":8,"minecraft:rabbit":3,"minecraft:cauldron":1,"minecraft:blue_bed":5,"minecraft:fletching_table":1,"minecraft:golden_apple":1,"minecraft:mossy_cobblestone":20,"minecraft:crafting_table":10,"minecraft:red_bed":1,"minecraft:white_bed":1,"minecraft:wooden_hoe":21,"minecraft:iron_pickaxe":703,"minecraft:cobblestone":30,"minecraft:porkchop":7,"minecraft:cooked_porkchop":10,"minecraft:bucket":81,"minecraft:chest_minecart":1,"minecraft:bone_meal":21},"minecraft:picked_up":{"minecraft:crafting_table":8,"minecraft:wheat":11,"minecraft:chest_minecart":2,"minecraft:string":11,"minecraft:red_bed":1,"minecraft:iron_axe":1,"minecraft:raw_copper":71,"minecraft:cobbled_deepslate":112,"minecraft:beef":6,"minecraft:iron_pickaxe":1,"minecraft:chest":3,"minecraft:furnace":7,"minecraft:raw_iron":136,"minecraft:stick":4,"minecraft:torch":51,"minecraft:spruce_stairs":1,"minecraft:spruce_fence":20,"minecraft:porkchop":17,"minecraft:diorite":24,"minecraft:redstone":28,"minecraft:cauldron":1,"minecraft:arrow":6,"minecraft:rotten_flesh":29,"minecraft:saddle":1,"minecraft:snowball":16,"minecraft:rail":11,"minecraft:cobblestone":159,"minecraft:andesite":20,"minecraft:leather":3,"minecraft:tuff":3,"minecraft:stripped_spruce_wood":10,"minecraft:oak_log":47,"minecraft:gunpowder":10,"minecraft:dirt":71,"minecraft:lapis_lazuli":23,"minecraft:blue_bed":5,"minecraft:lantern":6,"minecraft:bone":13,"minecraft:wheat_seeds":30,"minecraft:raw_gold":19,"minecraft:bell":1,"minecraft:rabbit_hide":3,"minecraft:iron_ingot":17,"minecraft:fletching_table":1,"minecraft:rabbit":4,"minecraft:powered_rail":2,"minecraft:oak_planks":15,"minecraft:music_disc_13":1,"minecraft:gravel":10,"minecraft:white_bed":1,"minecraft:spruce_log":19,"minecraft:spider_eye":4,"minecraft:mossy_cobblestone":20,"minecraft:spruce_fence_gate":1,"minecraft:diamond":2,"minecraft:granite":1,"minecraft:oak_button":1,"minecraft:coal":174},"minecraft:killed":{"minecraft:spider":6,"minecraft:skeleton":6,"minecraft:cat":1,"minecraft:pig":6,"minecraft:zombie_villager":1,"minecraft:rabbit":4,"minecraft:zombie":17,"minecraft:stray":1,"minecraft:cow":3},"minecraft:dropped":{"minecraft:chest_minecart":1,"minecraft:granite":1,"minecraft:saddle":1,"minecraft:spruce_stairs":1,"minecraft:music_disc_13":1,"minecraft:spruce_fence_gate":1,"minecraft:dirt":6,"minecraft:diorite":14,"minecraft:iron_axe":1,"minecraft:bone":1,"minecraft:gravel":10,"minecraft:cobbled_deepslate":2,"minecraft:oak_button":1,"minecraft:andesite":20,"minecraft:hopper":2,"minecraft:spider_eye":2},"minecraft:crafted":{"minecraft:oak_planks":188,"minecraft:furnace":2,"minecraft:bone_meal":57,"minecraft:hopper":2,"minecraft:iron_boots":1,"minecraft:iron_axe":2,"minecraft:chest":1,"minecraft:oak_button":1,"minecraft:golden_boots":1,"minecraft:wooden_shovel":1,"minecraft:cooked_porkchop":10,"minecraft:crafting_table":3,"minecraft:spruce_planks":76,"minecraft:iron_helmet":1,"minecraft:iron_sword":2,"minecraft:bucket":2,"minecraft:white_wool":3,"minecraft:iron_chestplate":1,"minecraft:wooden_hoe":1,"minecraft:shield":1,"minecraft:stick":112,"minecraft:iron_ingot":96,"minecraft:iron_pickaxe":3,"minecraft:gold_ingot":6,"minecraft:iron_leggings":1,"minecraft:white_bed":1,"minecraft:torch":124},"minecraft:broken":{"minecraft:wooden_shovel":1,"minecraft:iron_sword":1,"minecraft:iron_pickaxe":2}},"DataVersion":3465}