{"stats":{"minecraft:custom":{"minecraft:time_since_rest":7252,"minecraft:interact_with_furnace":3,"minecraft:sprint_one_cm":46020,"minecraft:damage_taken":30,"minecraft:walk_one_cm":37739,"minecraft:mob_kills":7,"minecraft:drop":1,"minecraft:damage_dealt":745,"minecraft:interact_with_crafting_table":2,"minecraft:talked_to_villager":1,"minecraft:fly_one_cm":25545,"minecraft:open_chest":1,"minecraft:crouch_one_cm":471,"minecraft:play_time":12000,"minecraft:sneak_time":190,"minecraft:jump":193,"minecraft:time_since_death":12000,"minecraft:walk_on_water_one_cm":711,"minecraft:sleep_in_bed":2,"minecraft:total_world_time":12000,"minecraft:fall_one_cm":3828},"minecraft:mined":{"minecraft:large_fern":24,"minecraft:furnace":2,"minecraft:ice":3,"minecraft:crafting_table":2,"minecraft:grass":6,"minecraft:grass_block":1,"minecraft:oak_log":41,"minecraft:lantern":2,"minecraft:spruce_leaves":1,"minecraft:spruce_fence_gate":1,"minecraft:stone":8,"minecraft:blue_bed":2,"minecraft:fern":1},"minecraft:used":{"minecraft:lantern":2,"minecraft:iron_axe":47,"minecraft:iron_pickaxe":18,"minecraft:iron_sword":27,"minecraft:crafting_table":2,"minecraft:cooked_porkchop":2},"minecraft:picked_up":{"minecraft:crafting_table":2,"minecraft:leather":2,"minecraft:gravel":1,"minecraft:porkchop":17,"minecraft:oak_log":47,"minecraft:dirt":1,"minecraft:blue_bed":2,"minecraft:lantern":2,"minecraft:spruce_fence_gate":1,"minecraft:wheat_seeds":4,"minecraft:beef":3,"minecraft:iron_ingot":17,"minecraft:cobblestone":8,"minecraft:furnace":2},"minecraft:killed":{"minecraft:pig":6,"minecraft:cow":1},"minecraft:dropped":{"minecraft:gravel":1},"minecraft:crafted":{"minecraft:oak_planks":188,"minecraft:iron_chestplate":1,"minecraft:cooked_porkchop":4,"minecraft:shield":1,"minecraft:iron_axe":1,"minecraft:crafting_table":1,"minecraft:stick":8,"minecraft:iron_pickaxe":1,"minecraft:iron_sword":1}},"DataVersion":3465}