{"stats":{"minecraft:custom":{"minecraft:mob_kills":44,"minecraft:interact_with_crafting_table":17,"minecraft:fill_cauldron":1,"minecraft:leave_game":2,"minecraft:time_since_death":128381,"minecraft:sprint_one_cm":273405,"minecraft:walk_one_cm":374036,"minecraft:damage_blocked_by_shield":1900,"minecraft:drop":21,"minecraft:talked_to_villager":4,"minecraft:play_time":128381,"minecraft:sneak_time":2932,"minecraft:walk_under_water_one_cm":36183,"minecraft:jump":2095,"minecraft:walk_on_water_one_cm":86579,"minecraft:total_world_time":128381,"minecraft:interact_with_furnace":29,"minecraft:sleep_in_bed":6,"minecraft:time_since_rest":63816,"minecraft:damage_taken":1492,"minecraft:damage_dealt":5391,"minecraft:fly_one_cm":124095,"minecraft:swim_one_cm":4314,"minecraft:open_chest":27,"minecraft:crouch_one_cm":2524,"minecraft:fall_one_cm":32505},"minecraft:mined":{"minecraft:white_bed":1,"minecraft:mossy_cobblestone":11,"minecraft:deepslate_diamond_ore":2,"minecraft:glow_lichen":1,"minecraft:granite":1,"minecraft:grass_block":27,"minecraft:spruce_leaves":1,"minecraft:large_fern":24,"minecraft:redstone_ore":7,"minecraft:furnace":7,"minecraft:iron_ore":36,"minecraft:cobbled_deepslate":1,"minecraft:snow":18,"minecraft:andesite":15,"minecraft:fletching_table":1,"minecraft:dirt_path":10,"minecraft:deepslate_iron_ore":96,"minecraft:water_cauldron":1,"minecraft:lantern":2,"minecraft:packed_ice":5,"minecraft:stone":135,"minecraft:red_bed":1,"minecraft:crafting_table":7,"minecraft:torch":33,"minecraft:poppy":1,"minecraft:chest":3,"minecraft:copper_ore":16,"minecraft:cobblestone":16,"minecraft:lapis_ore":4,"minecraft:deepslate_gold_ore":12,"minecraft:diorite":21,"minecraft:wall_torch":5,"minecraft:blue_bed":5,"minecraft:deepslate_copper_ore":4,"minecraft:wheat":11,"minecraft:ice":5,"minecraft:spruce_log":7,"minecraft:grass":10,"minecraft:oak_log":41,"minecraft:coal_ore":151,"minecraft:gravel":6,"minecraft:dirt":26,"minecraft:spruce_fence_gate":1,"minecraft:gold_ore":7,"minecraft:deepslate":56,"minecraft:fern":1},"minecraft:used":{"minecraft:chest":2,"minecraft:spruce_planks":15,"minecraft:shield":31,"minecraft:iron_sword":256,"minecraft:wooden_shovel":59,"minecraft:rotten_flesh":26,"minecraft:torch":79,"minecraft:dirt":57,"minecraft:tuff":3,"minecraft:spruce_fence":8,"minecraft:snowball":15,"minecraft:lava_bucket":25,"minecraft:lantern":2,"minecraft:iron_axe":85,"minecraft:beef":6,"minecraft:furnace":9,"minecraft:cobbled_deepslate":56,"minecraft:stripped_spruce_wood":10,"minecraft:wheat_seeds":29,"minecraft:water_bucket":42,"minecraft:diorite":8,"minecraft:rabbit":3,"minecraft:cauldron":1,"minecraft:blue_bed":5,"minecraft:fletching_table":1,"minecraft:mossy_cobblestone":20,"minecraft:crafting_table":8,"minecraft:red_bed":1,"minecraft:white_bed":1,"minecraft:wooden_hoe":21,"minecraft:iron_pickaxe":656,"minecraft:cobblestone":30,"minecraft:porkchop":7,"minecraft:cooked_porkchop":10,"minecraft:bucket":69,"minecraft:bone_meal":21},"minecraft:picked_up":{"minecraft:crafting_table":7,"minecraft:wheat":11,"minecraft:string":2,"minecraft:red_bed":1,"minecraft:raw_copper":71,"minecraft:cobbled_deepslate":94,"minecraft:beef":6,"minecraft:iron_pickaxe":1,"minecraft:chest":3,"minecraft:furnace":7,"minecraft:raw_iron":125,"minecraft:stick":4,"minecraft:torch":41,"minecraft:spruce_stairs":1,"minecraft:spruce_fence":20,"minecraft:porkchop":17,"minecraft:diorite":22,"minecraft:redstone":28,"minecraft:cauldron":1,"minecraft:arrow":5,"minecraft:rotten_flesh":27,"minecraft:saddle":1,"minecraft:snowball":16,"minecraft:cobblestone":157,"minecraft:andesite":20,"minecraft:leather":3,"minecraft:tuff":3,"minecraft:stripped_spruce_wood":10,"minecraft:oak_log":47,"minecraft:gunpowder":10,"minecraft:dirt":71,"minecraft:lapis_lazuli":23,"minecraft:blue_bed":5,"minecraft:lantern":6,"minecraft:bone":13,"minecraft:wheat_seeds":30,"minecraft:raw_gold":19,"minecraft:bell":1,"minecraft:rabbit_hide":3,"minecraft:iron_ingot":17,"minecraft:fletching_table":1,"minecraft:rabbit":4,"minecraft:music_disc_13":1,"minecraft:gravel":10,"minecraft:white_bed":1,"minecraft:spruce_log":19,"minecraft:spider_eye":1,"minecraft:mossy_cobblestone":20,"minecraft:spruce_fence_gate":1,"minecraft:diamond":2,"minecraft:granite":1,"minecraft:coal":174},"minecraft:killed":{"minecraft:spider":3,"minecraft:skeleton":5,"minecraft:cat":1,"minecraft:pig":6,"minecraft:rabbit":4,"minecraft:zombie":17,"minecraft:stray":1,"minecraft:cow":3},"minecraft:dropped":{"minecraft:granite":1,"minecraft:saddle":1,"minecraft:spruce_stairs":1,"minecraft:music_disc_13":1,"minecraft:spruce_fence_gate":1,"minecraft:dirt":6,"minecraft:diorite":14,"minecraft:bone":1,"minecraft:gravel":10,"minecraft:cobbled_deepslate":2,"minecraft:andesite":20,"minecraft:hopper":2,"minecraft:spider_eye":1},"minecraft:crafted":{"minecraft:oak_planks":188,"minecraft:furnace":2,"minecraft:bone_meal":57,"minecraft:hopper":2,"minecraft:iron_boots":1,"minecraft:iron_axe":1,"minecraft:chest":1,"minecraft:golden_boots":1,"minecraft:wooden_shovel":1,"minecraft:cooked_porkchop":10,"minecraft:crafting_table":2,"minecraft:spruce_planks":76,"minecraft:iron_helmet":1,"minecraft:iron_sword":1,"minecraft:bucket":2,"minecraft:iron_chestplate":1,"minecraft:wooden_hoe":1,"minecraft:shield":1,"minecraft:stick":108,"minecraft:iron_ingot":96,"minecraft:iron_pickaxe":3,"minecraft:gold_ingot":6,"minecraft:iron_leggings":1,"minecraft:torch":124},"minecraft:broken":{"minecraft:wooden_shovel":1,"minecraft:iron_pickaxe":2}},"DataVersion":3465}