{"stats":{"minecraft:custom":{"minecraft:mob_kills":72,"minecraft:inspect_hopper":3,"minecraft:interact_with_crafting_table":47,"minecraft:fill_cauldron":3,"minecraft:leave_game":3,"minecraft:time_since_death":170054,"minecraft:sprint_one_cm":532765,"minecraft:walk_one_cm":1124771,"minecraft:damage_blocked_by_shield":2150,"minecraft:drop":77,"minecraft:talked_to_villager":6,"minecraft:play_time":360291,"minecraft:deaths":4,"minecraft:sneak_time":7624,"minecraft:walk_under_water_one_cm":69870,"minecraft:jump":4760,"minecraft:walk_on_water_one_cm":138945,"minecraft:total_world_time":360291,"minecraft:interact_with_furnace":56,"minecraft:traded_with_villager":9,"minecraft:sleep_in_bed":13,"minecraft:time_since_rest":23245,"minecraft:damage_taken":3590,"minecraft:damage_dealt":8705,"minecraft:swim_one_cm":11991,"minecraft:fly_one_cm":243899,"minecraft:open_chest":167,"minecraft:crouch_one_cm":3948,"minecraft:fall_one_cm":69174,"minecraft:use_cauldron":2},"minecraft:killed_by":{"minecraft:spider":1,"minecraft:cave_spider":1},"minecraft:crafted":{"minecraft:oak_door":6,"minecraft:oak_planks":276,"minecraft:spruce_button":8,"minecraft:cooked_chicken":1,"minecraft:furnace":2,"minecraft:stone":209,"minecraft:bone_meal":57,"minecraft:stone_stairs":28,"minecraft:flint_and_steel":2,"minecraft:hopper":2,"minecraft:bow":1,"minecraft:iron_boots":1,"minecraft:iron_axe":2,"minecraft:iron_hoe":1,"minecraft:stone_pickaxe":3,"minecraft:chest":5,"minecraft:oak_button":1,"minecraft:stone_hoe":1,"minecraft:oak_fence":30,"minecraft:golden_boots":1,"minecraft:wooden_shovel":1,"minecraft:emerald":8,"minecraft:cooked_porkchop":10,"minecraft:crafting_table":4,"minecraft:spruce_planks":116,"minecraft:iron_helmet":1,"minecraft:iron_sword":2,"minecraft:bucket":2,"minecraft:bread":4,"minecraft:white_wool":3,"minecraft:iron_chestplate":1,"minecraft:wooden_hoe":1,"minecraft:diamond_pickaxe":1,"minecraft:shield":1,"minecraft:stick":362,"minecraft:iron_ingot":96,"minecraft:iron_pickaxe":5,"minecraft:gold_ingot":6,"minecraft:iron_shovel":4,"minecraft:iron_leggings":1,"minecraft:white_bed":1,"minecraft:torch":124},"minecraft:broken":{"minecraft:iron_shovel":2,"minecraft:wooden_shovel":1,"minecraft:stone_pickaxe":1,"minecraft:iron_sword":1,"minecraft:iron_pickaxe":4},"minecraft:killed":{"minecraft:cave_spider":1,"minecraft:spider":6,"minecraft:skeleton":6,"minecraft:chicken":1,"minecraft:cat":1,"minecraft:pig":6,"minecraft:zombie_villager":1,"minecraft:rabbit":4,"minecraft:zombie":36,"minecraft:stray":1,"minecraft:cow":3},"minecraft:dropped":{"minecraft:golden_boots":1,"minecraft:wheat_seeds":1,"minecraft:oak_fence":4,"minecraft:feather":1,"minecraft:chest_minecart":1,"minecraft:granite":23,"minecraft:spruce_button":8,"minecraft:saddle":1,"minecraft:spruce_stairs":1,"minecraft:stick":1,"minecraft:spruce_fence_gate":1,"minecraft:music_disc_13":2,"minecraft:dirt":10,"minecraft:wooden_hoe":1,"minecraft:diorite":38,"minecraft:snowball":8,"minecraft:iron_axe":2,"minecraft:iron_pickaxe":1,"minecraft:bone":1,"minecraft:dandelion":2,"minecraft:gravel":96,"minecraft:kelp":581,"minecraft:cobbled_deepslate":12,"minecraft:oak_planks":21,"minecraft:poppy":3,"minecraft:oak_button":2,"minecraft:andesite":46,"minecraft:hopper":2,"minecraft:oak_sapling":1,"minecraft:spider_eye":4,"minecraft:stone_pickaxe":2,"minecraft:netherrack":37},"minecraft:picked_up":{"minecraft:crafting_table":19,"minecraft:wheat":29,"minecraft:chicken":1,"minecraft:chest_minecart":2,"minecraft:stone_stairs":1,"minecraft:red_bed":1,"minecraft:string":92,"minecraft:raw_copper":142,"minecraft:iron_axe":1,"minecraft:flint_and_steel":1,"minecraft:cobbled_deepslate":176,"minecraft:bucket":3,"minecraft:spruce_planks":81,"minecraft:beef":6,"minecraft:poppy":3,"minecraft:iron_pickaxe":1,"minecraft:chest":9,"minecraft:furnace":15,"minecraft:oak_door":2,"minecraft:stick":66,"minecraft:raw_iron":176,"minecraft:stone":60,"minecraft:oak_fence":4,"minecraft:torch":81,"minecraft:spruce_stairs":1,"minecraft:spruce_fence":36,"minecraft:porkchop":17,"minecraft:diorite":66,"minecraft:redstone":56,"minecraft:cauldron":3,"minecraft:rotten_flesh":45,"minecraft:arrow":15,"minecraft:saddle":1,"minecraft:gold_ingot":2,"minecraft:obsidian":30,"minecraft:snowball":30,"minecraft:rail":11,"minecraft:cobblestone":1133,"minecraft:magma_block":10,"minecraft:feather":1,"minecraft:andesite":84,"minecraft:leather":6,"minecraft:flint":12,"minecraft:tuff":3,"minecraft:stripped_spruce_wood":30,"minecraft:oak_log":69,"minecraft:gunpowder":20,"minecraft:blue_bed":7,"minecraft:lapis_lazuli":46,"minecraft:dirt":602,"minecraft:lantern":10,"minecraft:bone":13,"minecraft:kelp":581,"minecraft:wheat_seeds":150,"minecraft:raw_gold":40,"minecraft:bell":1,"minecraft:rabbit_hide":6,"minecraft:iron_ingot":67,"minecraft:rabbit":4,"minecraft:fletching_table":3,"minecraft:stone_hoe":1,"minecraft:powered_rail":2,"minecraft:oak_planks":174,"minecraft:soul_sand":9,"minecraft:music_disc_13":2,"minecraft:pumpkin":2,"minecraft:dandelion":2,"minecraft:gravel":99,"minecraft:white_bed":6,"minecraft:spruce_log":19,"minecraft:spider_eye":6,"minecraft:mossy_cobblestone":20,"minecraft:spruce_fence_gate":1,"minecraft:pumpkin_seeds":32,"minecraft:diamond":2,"minecraft:granite":57,"minecraft:oak_sapling":1,"minecraft:oak_button":1,"minecraft:netherrack":37,"minecraft:melon_seeds":18,"minecraft:coal":278},"minecraft:mined":{"minecraft:spruce_planks":15,"minecraft:oak_sapling":1,"minecraft:white_bed":6,"minecraft:farmland":61,"minecraft:mossy_cobblestone":11,"minecraft:deepslate_diamond_ore":2,"minecraft:oak_door":2,"minecraft:obsidian":27,"minecraft:glow_lichen":1,"minecraft:granite":57,"minecraft:spruce_fence":1,"minecraft:grass_block":161,"minecraft:spruce_leaves":1,"minecraft:kelp":15,"minecraft:large_fern":25,"minecraft:tall_seagrass":2,"minecraft:magma_block":12,"minecraft:redstone_ore":7,"minecraft:furnace":15,"minecraft:fire":1,"minecraft:iron_ore":43,"minecraft:cobbled_deepslate":11,"minecraft:snow":33,"minecraft:andesite":80,"minecraft:pumpkin":1,"minecraft:fletching_table":3,"minecraft:water_cauldron":1,"minecraft:cave_vines":3,"minecraft:deepslate_iron_ore":100,"minecraft:dirt_path":32,"minecraft:lantern":2,"minecraft:packed_ice":5,"minecraft:stone":798,"minecraft:red_bed":1,"minecraft:soul_sand":9,"minecraft:kelp_plant":65,"minecraft:melon_stem":5,"minecraft:dandelion":2,"minecraft:crafting_table":20,"minecraft:torch":49,"minecraft:poppy":4,"minecraft:chest":9,"minecraft:tall_grass":4,"minecraft:copper_ore":16,"minecraft:cobblestone":149,"minecraft:deepslate_gold_ore":13,"minecraft:lapis_ore":4,"minecraft:oak_planks":57,"minecraft:diorite":65,"minecraft:blue_bed":7,"minecraft:wall_torch":23,"minecraft:cauldron":2,"minecraft:deepslate_copper_ore":4,"minecraft:stone_stairs":3,"minecraft:wheat":54,"minecraft:ice":5,"minecraft:spruce_log":7,"minecraft:pumpkin_stem":13,"minecraft:grass":20,"minecraft:coal_ore":169,"minecraft:oak_log":41,"minecraft:gravel":104,"minecraft:dirt":313,"minecraft:cobweb":43,"minecraft:spruce_fence_gate":1,"minecraft:netherrack":38,"minecraft:gold_ore":10,"minecraft:oak_leaves":17,"minecraft:deepslate":91,"minecraft:fern":1},"minecraft:used":{"minecraft:oak_fence":30,"minecraft:iron_shovel":638,"minecraft:flint_and_steel":3,"minecraft:chest":12,"minecraft:spruce_planks":15,"minecraft:shield":36,"minecraft:stone":24,"minecraft:iron_sword":388,"minecraft:cooked_chicken":1,"minecraft:rotten_flesh":68,"minecraft:wooden_shovel":59,"minecraft:stone_hoe":160,"minecraft:oak_door":3,"minecraft:torch":190,"minecraft:dirt":523,"minecraft:stone_stairs":29,"minecraft:tuff":3,"minecraft:spruce_fence":16,"minecraft:granite":26,"minecraft:snowball":32,"minecraft:obsidian":24,"minecraft:iron_hoe":31,"minecraft:lava_bucket":38,"minecraft:lantern":10,"minecraft:iron_axe":251,"minecraft:melon_seeds":13,"minecraft:beef":6,"minecraft:furnace":17,"minecraft:cobbled_deepslate":82,"minecraft:stripped_spruce_wood":10,"minecraft:wheat_seeds":116,"minecraft:water_bucket":69,"minecraft:diorite":28,"minecraft:rabbit":4,"minecraft:stone_pickaxe":261,"minecraft:oak_planks":50,"minecraft:cauldron":3,"minecraft:fletching_table":3,"minecraft:blue_bed":7,"minecraft:golden_apple":1,"minecraft:glow_berries":4,"minecraft:mossy_cobblestone":20,"minecraft:crafting_table":21,"minecraft:red_bed":1,"minecraft:white_bed":7,"minecraft:pumpkin_seeds":14,"minecraft:wooden_hoe":21,"minecraft:diamond_pickaxe":404,"minecraft:bread":4,"minecraft:iron_pickaxe":1217,"minecraft:gravel":3,"minecraft:cobblestone":488,"minecraft:porkchop":7,"minecraft:cooked_porkchop":10,"minecraft:bucket":109,"minecraft:andesite":38,"minecraft:chest_minecart":1,"minecraft:bone_meal":57}},"DataVersion":3465}