{"stats":{"minecraft:custom":{"minecraft:mob_kills":44,"minecraft:interact_with_crafting_table":16,"minecraft:fill_cauldron":1,"minecraft:leave_game":2,"minecraft:time_since_death":116381,"minecraft:sprint_one_cm":268883,"minecraft:walk_one_cm":355193,"minecraft:damage_blocked_by_shield":1900,"minecraft:drop":16,"minecraft:talked_to_villager":4,"minecraft:play_time":116381,"minecraft:sneak_time":2847,"minecraft:walk_under_water_one_cm":36183,"minecraft:jump":1958,"minecraft:walk_on_water_one_cm":86332,"minecraft:total_world_time":116381,"minecraft:interact_with_furnace":27,"minecraft:sleep_in_bed":6,"minecraft:time_since_rest":51816,"minecraft:damage_taken":1462,"minecraft:damage_dealt":5377,"minecraft:fly_one_cm":122316,"minecraft:swim_one_cm":4314,"minecraft:open_chest":27,"minecraft:crouch_one_cm":2501,"minecraft:fall_one_cm":31160},"minecraft:mined":{"minecraft:white_bed":1,"minecraft:mossy_cobblestone":7,"minecraft:deepslate_diamond_ore":2,"minecraft:glow_lichen":1,"minecraft:grass_block":27,"minecraft:spruce_leaves":1,"minecraft:large_fern":24,"minecraft:redstone_ore":7,"minecraft:furnace":7,"minecraft:iron_ore":33,"minecraft:snow":18,"minecraft:andesite":3,"minecraft:fletching_table":1,"minecraft:dirt_path":10,"minecraft:deepslate_iron_ore":96,"minecraft:water_cauldron":1,"minecraft:lantern":2,"minecraft:stone":93,"minecraft:red_bed":1,"minecraft:crafting_table":6,"minecraft:torch":33,"minecraft:poppy":1,"minecraft:chest":3,"minecraft:copper_ore":16,"minecraft:cobblestone":3,"minecraft:lapis_ore":4,"minecraft:deepslate_gold_ore":12,"minecraft:diorite":3,"minecraft:wall_torch":5,"minecraft:blue_bed":5,"minecraft:deepslate_copper_ore":4,"minecraft:wheat":11,"minecraft:ice":5,"minecraft:spruce_log":7,"minecraft:grass":10,"minecraft:oak_log":41,"minecraft:coal_ore":136,"minecraft:gravel":5,"minecraft:dirt":18,"minecraft:spruce_fence_gate":1,"minecraft:gold_ore":7,"minecraft:deepslate":42,"minecraft:fern":1},"minecraft:used":{"minecraft:chest":2,"minecraft:spruce_planks":15,"minecraft:shield":31,"minecraft:iron_sword":256,"minecraft:wooden_shovel":59,"minecraft:rotten_flesh":24,"minecraft:torch":78,"minecraft:dirt":57,"minecraft:tuff":3,"minecraft:spruce_fence":8,"minecraft:snowball":15,"minecraft:lava_bucket":25,"minecraft:lantern":2,"minecraft:iron_axe":84,"minecraft:beef":6,"minecraft:furnace":9,"minecraft:cobbled_deepslate":30,"minecraft:stripped_spruce_wood":10,"minecraft:wheat_seeds":29,"minecraft:water_bucket":41,"minecraft:diorite":3,"minecraft:rabbit":3,"minecraft:cauldron":1,"minecraft:blue_bed":5,"minecraft:fletching_table":1,"minecraft:crafting_table":6,"minecraft:red_bed":1,"minecraft:white_bed":1,"minecraft:wooden_hoe":21,"minecraft:iron_pickaxe":518,"minecraft:cobblestone":30,"minecraft:porkchop":7,"minecraft:cooked_porkchop":10,"minecraft:bucket":69,"minecraft:bone_meal":21},"minecraft:picked_up":{"minecraft:crafting_table":6,"minecraft:wheat":11,"minecraft:string":2,"minecraft:red_bed":1,"minecraft:raw_copper":71,"minecraft:cobbled_deepslate":54,"minecraft:beef":6,"minecraft:iron_pickaxe":1,"minecraft:chest":3,"minecraft:furnace":7,"minecraft:raw_iron":125,"minecraft:stick":4,"minecraft:torch":40,"minecraft:spruce_stairs":1,"minecraft:spruce_fence":20,"minecraft:porkchop":17,"minecraft:diorite":4,"minecraft:redstone":28,"minecraft:cauldron":1,"minecraft:arrow":5,"minecraft:rotten_flesh":27,"minecraft:saddle":1,"minecraft:snowball":16,"minecraft:cobblestone":107,"minecraft:andesite":8,"minecraft:leather":3,"minecraft:tuff":3,"minecraft:stripped_spruce_wood":10,"minecraft:oak_log":47,"minecraft:gunpowder":10,"minecraft:dirt":63,"minecraft:lapis_lazuli":23,"minecraft:blue_bed":5,"minecraft:lantern":6,"minecraft:bone":13,"minecraft:wheat_seeds":30,"minecraft:raw_gold":19,"minecraft:bell":1,"minecraft:rabbit_hide":3,"minecraft:iron_ingot":17,"minecraft:fletching_table":1,"minecraft:rabbit":4,"minecraft:music_disc_13":1,"minecraft:gravel":9,"minecraft:white_bed":1,"minecraft:spruce_log":19,"minecraft:spider_eye":1,"minecraft:mossy_cobblestone":16,"minecraft:spruce_fence_gate":1,"minecraft:diamond":2,"minecraft:coal":159},"minecraft:killed":{"minecraft:spider":3,"minecraft:skeleton":5,"minecraft:cat":1,"minecraft:pig":6,"minecraft:rabbit":4,"minecraft:zombie":17,"minecraft:stray":1,"minecraft:cow":3},"minecraft:dropped":{"minecraft:saddle":1,"minecraft:spruce_stairs":1,"minecraft:music_disc_13":1,"minecraft:spruce_fence_gate":1,"minecraft:dirt":6,"minecraft:diorite":1,"minecraft:bone":1,"minecraft:gravel":9,"minecraft:cobbled_deepslate":2,"minecraft:andesite":8,"minecraft:spider_eye":1},"minecraft:crafted":{"minecraft:oak_planks":188,"minecraft:furnace":2,"minecraft:bone_meal":57,"minecraft:iron_boots":1,"minecraft:iron_axe":1,"minecraft:chest":1,"minecraft:golden_boots":1,"minecraft:wooden_shovel":1,"minecraft:cooked_porkchop":10,"minecraft:crafting_table":2,"minecraft:spruce_planks":76,"minecraft:iron_helmet":1,"minecraft:iron_sword":1,"minecraft:bucket":2,"minecraft:iron_chestplate":1,"minecraft:wooden_hoe":1,"minecraft:shield":1,"minecraft:stick":108,"minecraft:iron_ingot":32,"minecraft:iron_pickaxe":3,"minecraft:gold_ingot":6,"minecraft:iron_leggings":1,"minecraft:torch":124},"minecraft:broken":{"minecraft:wooden_shovel":1,"minecraft:iron_pickaxe":1}},"DataVersion":3465}