{"stats":{"minecraft:mined":{"minecraft:white_bed":1,"minecraft:red_bed":1,"minecraft:torch":2,"minecraft:crafting_table":4,"minecraft:grass_block":16,"minecraft:poppy":1,"minecraft:copper_ore":16,"minecraft:spruce_leaves":1,"minecraft:lapis_ore":4,"minecraft:blue_bed":4,"minecraft:large_fern":24,"minecraft:redstone_ore":7,"minecraft:furnace":5,"minecraft:iron_ore":17,"minecraft:snow":1,"minecraft:ice":3,"minecraft:spruce_log":7,"minecraft:andesite":3,"minecraft:grass":10,"minecraft:oak_log":41,"minecraft:coal_ore":92,"minecraft:deepslate_iron_ore":12,"minecraft:dirt_path":2,"minecraft:lantern":2,"minecraft:gravel":3,"minecraft:dirt":18,"minecraft:spruce_fence_gate":1,"minecraft:stone":83,"minecraft:gold_ore":6,"minecraft:fern":1},"minecraft:custom":{"minecraft:interact_with_furnace":17,"minecraft:mob_kills":16,"minecraft:interact_with_crafting_table":10,"minecraft:leave_game":1,"minecraft:time_since_death":49798,"minecraft:sleep_in_bed":4,"minecraft:time_since_rest":19102,"minecraft:sprint_one_cm":108856,"minecraft:damage_taken":772,"minecraft:walk_one_cm":121457,"minecraft:damage_blocked_by_shield":610,"minecraft:drop":7,"minecraft:damage_dealt":2299,"minecraft:talked_to_villager":1,"minecraft:swim_one_cm":4314,"minecraft:fly_one_cm":54363,"minecraft:open_chest":5,"minecraft:crouch_one_cm":1273,"minecraft:play_time":49798,"minecraft:sneak_time":1376,"minecraft:walk_under_water_one_cm":28713,"minecraft:jump":841,"minecraft:walk_on_water_one_cm":54412,"minecraft:total_world_time":49798,"minecraft:fall_one_cm":18211},"minecraft:used":{"minecraft:wheat_seeds":5,"minecraft:water_bucket":29,"minecraft:chest":1,"minecraft:shield":6,"minecraft:iron_sword":103,"minecraft:wooden_shovel":36,"minecraft:blue_bed":4,"minecraft:rotten_flesh":2,"minecraft:torch":12,"minecraft:dirt":39,"minecraft:crafting_table":6,"minecraft:red_bed":1,"minecraft:white_bed":1,"minecraft:wooden_hoe":5,"minecraft:lava_bucket":1,"minecraft:iron_axe":56,"minecraft:lantern":2,"minecraft:iron_pickaxe":264,"minecraft:cobblestone":5,"minecraft:beef":6,"minecraft:furnace":6,"minecraft:porkchop":7,"minecraft:cooked_porkchop":6,"minecraft:bucket":30,"minecraft:bone_meal":3},"minecraft:picked_up":{"minecraft:crafting_table":4,"minecraft:andesite":8,"minecraft:leather":3,"minecraft:tuff":3,"minecraft:oak_log":47,"minecraft:lapis_lazuli":23,"minecraft:blue_bed":4,"minecraft:dirt":43,"minecraft:red_bed":1,"minecraft:lantern":2,"minecraft:raw_copper":55,"minecraft:bone":4,"minecraft:wheat_seeds":5,"minecraft:cobbled_deepslate":1,"minecraft:raw_gold":6,"minecraft:iron_ingot":17,"minecraft:beef":6,"minecraft:furnace":5,"minecraft:stick":4,"minecraft:raw_iron":29,"minecraft:torch":2,"minecraft:gravel":7,"minecraft:porkchop":17,"minecraft:diorite":1,"minecraft:white_bed":1,"minecraft:spruce_log":7,"minecraft:redstone":28,"minecraft:spider_eye":1,"minecraft:spruce_fence_gate":1,"minecraft:arrow":2,"minecraft:rotten_flesh":5,"minecraft:snowball":1,"minecraft:coal":92,"minecraft:cobblestone":87},"minecraft:killed":{"minecraft:pig":6,"minecraft:spider":2,"minecraft:skeleton":2,"minecraft:zombie":3,"minecraft:cow":3},"minecraft:dropped":{"minecraft:gravel":7,"minecraft:diorite":1,"minecraft:andesite":8,"minecraft:bone":1},"minecraft:crafted":{"minecraft:oak_planks":188,"minecraft:wooden_shovel":1,"minecraft:cooked_porkchop":10,"minecraft:crafting_table":2,"minecraft:spruce_planks":28,"minecraft:iron_sword":1,"minecraft:furnace":1,"minecraft:bone_meal":9,"minecraft:bucket":2,"minecraft:iron_chestplate":1,"minecraft:wooden_hoe":1,"minecraft:shield":1,"minecraft:iron_axe":1,"minecraft:stick":24,"minecraft:iron_ingot":14,"minecraft:iron_pickaxe":3,"minecraft:chest":1,"minecraft:torch":44},"minecraft:broken":{"minecraft:iron_pickaxe":1}},"DataVersion":3465}