{"stats":{"minecraft:custom":{"minecraft:mob_kills":59,"minecraft:interact_with_crafting_table":29,"minecraft:fill_cauldron":1,"minecraft:leave_game":2,"minecraft:time_since_death":76144,"minecraft:sprint_one_cm":467965,"minecraft:walk_one_cm":825663,"minecraft:damage_blocked_by_shield":2150,"minecraft:drop":54,"minecraft:talked_to_villager":4,"minecraft:deaths":4,"minecraft:play_time":266381,"minecraft:sneak_time":7097,"minecraft:walk_under_water_one_cm":69870,"minecraft:jump":4005,"minecraft:walk_on_water_one_cm":133690,"minecraft:total_world_time":266381,"minecraft:interact_with_furnace":35,"minecraft:sleep_in_bed":12,"minecraft:time_since_rest":18924,"minecraft:damage_taken":3195,"minecraft:damage_dealt":8113,"minecraft:fly_one_cm":218286,"minecraft:swim_one_cm":11991,"minecraft:open_chest":61,"minecraft:crouch_one_cm":3835,"minecraft:fall_one_cm":57177},"minecraft:mined":{"minecraft:spruce_planks":6,"minecraft:white_bed":4,"minecraft:farmland":54,"minecraft:mossy_cobblestone":11,"minecraft:deepslate_diamond_ore":2,"minecraft:obsidian":15,"minecraft:glow_lichen":1,"minecraft:granite":51,"minecraft:grass_block":97,"minecraft:spruce_leaves":1,"minecraft:kelp":15,"minecraft:large_fern":25,"minecraft:tall_seagrass":2,"minecraft:magma_block":12,"minecraft:redstone_ore":7,"minecraft:furnace":9,"minecraft:fire":1,"minecraft:iron_ore":43,"minecraft:cobbled_deepslate":1,"minecraft:snow":30,"minecraft:andesite":65,"minecraft:pumpkin":1,"minecraft:fletching_table":1,"minecraft:cave_vines":3,"minecraft:dirt_path":15,"minecraft:deepslate_iron_ore":100,"minecraft:water_cauldron":1,"minecraft:lantern":2,"minecraft:packed_ice":5,"minecraft:stone":532,"minecraft:red_bed":1,"minecraft:soul_sand":9,"minecraft:kelp_plant":65,"minecraft:melon_stem":5,"minecraft:dandelion":1,"minecraft:crafting_table":14,"minecraft:torch":44,"minecraft:poppy":2,"minecraft:chest":4,"minecraft:tall_grass":4,"minecraft:copper_ore":16,"minecraft:cobblestone":86,"minecraft:lapis_ore":4,"minecraft:deepslate_gold_ore":13,"minecraft:oak_planks":56,"minecraft:diorite":65,"minecraft:wall_torch":14,"minecraft:blue_bed":6,"minecraft:deepslate_copper_ore":4,"minecraft:wheat":54,"minecraft:ice":5,"minecraft:spruce_log":7,"minecraft:pumpkin_stem":13,"minecraft:grass":17,"minecraft:oak_log":41,"minecraft:coal_ore":169,"minecraft:gravel":33,"minecraft:dirt":145,"minecraft:cobweb":43,"minecraft:spruce_fence_gate":1,"minecraft:netherrack":38,"minecraft:gold_ore":10,"minecraft:oak_leaves":13,"minecraft:deepslate":89,"minecraft:fern":1},"minecraft:used":{"minecraft:iron_shovel":237,"minecraft:flint_and_steel":2,"minecraft:chest":5,"minecraft:spruce_planks":15,"minecraft:shield":36,"minecraft:iron_sword":365,"minecraft:stone_hoe":99,"minecraft:cooked_chicken":1,"minecraft:wooden_shovel":59,"minecraft:rotten_flesh":41,"minecraft:torch":163,"minecraft:dirt":269,"minecraft:tuff":3,"minecraft:granite":26,"minecraft:spruce_fence":12,"minecraft:snowball":15,"minecraft:obsidian":12,"minecraft:lava_bucket":38,"minecraft:lantern":2,"minecraft:iron_axe":210,"minecraft:melon_seeds":5,"minecraft:beef":6,"minecraft:furnace":11,"minecraft:cobbled_deepslate":80,"minecraft:stripped_spruce_wood":10,"minecraft:wheat_seeds":63,"minecraft:water_bucket":64,"minecraft:diorite":28,"minecraft:rabbit":4,"minecraft:stone_pickaxe":261,"minecraft:oak_planks":9,"minecraft:cauldron":1,"minecraft:blue_bed":6,"minecraft:fletching_table":1,"minecraft:golden_apple":1,"minecraft:glow_berries":4,"minecraft:mossy_cobblestone":20,"minecraft:crafting_table":17,"minecraft:red_bed":1,"minecraft:white_bed":5,"minecraft:pumpkin_seeds":14,"minecraft:wooden_hoe":21,"minecraft:diamond_pickaxe":257,"minecraft:bread":4,"minecraft:iron_pickaxe":964,"minecraft:gravel":3,"minecraft:cobblestone":411,"minecraft:porkchop":7,"minecraft:cooked_porkchop":10,"minecraft:andesite":38,"minecraft:bucket":102,"minecraft:chest_minecart":1,"minecraft:bone_meal":57},"minecraft:picked_up":{"minecraft:crafting_table":13,"minecraft:wheat":25,"minecraft:chicken":1,"minecraft:chest_minecart":2,"minecraft:string":48,"minecraft:red_bed":1,"minecraft:iron_axe":1,"minecraft:raw_copper":71,"minecraft:cobbled_deepslate":128,"minecraft:spruce_planks":6,"minecraft:beef":6,"minecraft:poppy":1,"minecraft:iron_pickaxe":1,"minecraft:chest":4,"minecraft:furnace":9,"minecraft:raw_iron":136,"minecraft:stick":7,"minecraft:oak_fence":4,"minecraft:torch":63,"minecraft:spruce_stairs":1,"minecraft:spruce_fence":24,"minecraft:porkchop":17,"minecraft:diorite":65,"minecraft:redstone":28,"minecraft:cauldron":1,"minecraft:arrow":6,"minecraft:rotten_flesh":43,"minecraft:saddle":1,"minecraft:obsidian":15,"minecraft:snowball":22,"minecraft:rail":11,"minecraft:cobblestone":617,"minecraft:magma_block":5,"minecraft:feather":1,"minecraft:andesite":72,"minecraft:leather":3,"minecraft:flint":1,"minecraft:tuff":3,"minecraft:stripped_spruce_wood":10,"minecraft:oak_log":69,"minecraft:gunpowder":10,"minecraft:dirt":315,"minecraft:lapis_lazuli":23,"minecraft:blue_bed":6,"minecraft:lantern":6,"minecraft:bone":13,"minecraft:kelp":581,"minecraft:wheat_seeds":97,"minecraft:raw_gold":23,"minecraft:bell":1,"minecraft:rabbit_hide":3,"minecraft:iron_ingot":17,"minecraft:fletching_table":1,"minecraft:rabbit":4,"minecraft:powered_rail":2,"minecraft:oak_planks":55,"minecraft:soul_sand":9,"minecraft:pumpkin":1,"minecraft:music_disc_13":2,"minecraft:dandelion":1,"minecraft:gravel":35,"minecraft:white_bed":4,"minecraft:spruce_log":19,"minecraft:spider_eye":4,"minecraft:mossy_cobblestone":20,"minecraft:spruce_fence_gate":1,"minecraft:pumpkin_seeds":20,"minecraft:diamond":2,"minecraft:granite":47,"minecraft:oak_button":1,"minecraft:netherrack":37,"minecraft:melon_seeds":10,"minecraft:coal":190},"minecraft:killed_by":{"minecraft:spider":1,"minecraft:cave_spider":1},"minecraft:killed":{"minecraft:cave_spider":1,"minecraft:spider":6,"minecraft:skeleton":6,"minecraft:chicken":1,"minecraft:cat":1,"minecraft:pig":6,"minecraft:zombie_villager":1,"minecraft:rabbit":4,"minecraft:zombie":23,"minecraft:stray":1,"minecraft:cow":3},"minecraft:dropped":{"minecraft:wheat_seeds":1,"minecraft:feather":1,"minecraft:oak_fence":4,"minecraft:chest_minecart":1,"minecraft:granite":9,"minecraft:saddle":1,"minecraft:spruce_stairs":1,"minecraft:stick":1,"minecraft:music_disc_13":2,"minecraft:spruce_fence_gate":1,"minecraft:dirt":6,"minecraft:diorite":22,"minecraft:iron_axe":2,"minecraft:iron_pickaxe":1,"minecraft:dandelion":1,"minecraft:bone":1,"minecraft:gravel":12,"minecraft:kelp":581,"minecraft:cobbled_deepslate":2,"minecraft:oak_planks":19,"minecraft:poppy":1,"minecraft:oak_button":2,"minecraft:andesite":20,"minecraft:hopper":2,"minecraft:spider_eye":2,"minecraft:stone_pickaxe":2,"minecraft:netherrack":37},"minecraft:crafted":{"minecraft:oak_planks":276,"minecraft:cooked_chicken":1,"minecraft:furnace":2,"minecraft:bone_meal":57,"minecraft:flint_and_steel":1,"minecraft:hopper":2,"minecraft:iron_boots":1,"minecraft:iron_axe":2,"minecraft:stone_pickaxe":3,"minecraft:chest":5,"minecraft:oak_button":1,"minecraft:stone_hoe":1,"minecraft:golden_boots":1,"minecraft:wooden_shovel":1,"minecraft:cooked_porkchop":10,"minecraft:crafting_table":4,"minecraft:spruce_planks":76,"minecraft:iron_helmet":1,"minecraft:iron_sword":2,"minecraft:bucket":2,"minecraft:bread":4,"minecraft:white_wool":3,"minecraft:iron_chestplate":1,"minecraft:wooden_hoe":1,"minecraft:diamond_pickaxe":1,"minecraft:shield":1,"minecraft:stick":120,"minecraft:iron_ingot":96,"minecraft:iron_pickaxe":4,"minecraft:iron_shovel":1,"minecraft:gold_ingot":6,"minecraft:iron_leggings":1,"minecraft:white_bed":1,"minecraft:torch":124},"minecraft:broken":{"minecraft:wooden_shovel":1,"minecraft:stone_pickaxe":1,"minecraft:iron_sword":1,"minecraft:iron_pickaxe":3}},"DataVersion":3465}