{"stats":{"minecraft:mined":{"minecraft:white_bed":1,"minecraft:red_bed":1,"minecraft:torch":2,"minecraft:crafting_table":4,"minecraft:grass_block":13,"minecraft:copper_ore":16,"minecraft:spruce_leaves":1,"minecraft:lapis_ore":4,"minecraft:blue_bed":4,"minecraft:large_fern":24,"minecraft:redstone_ore":7,"minecraft:furnace":5,"minecraft:iron_ore":17,"minecraft:snow":1,"minecraft:ice":3,"minecraft:andesite":3,"minecraft:grass":10,"minecraft:oak_log":41,"minecraft:coal_ore":83,"minecraft:dirt_path":2,"minecraft:lantern":2,"minecraft:gravel":3,"minecraft:dirt":17,"minecraft:spruce_fence_gate":1,"minecraft:stone":58,"minecraft:gold_ore":4,"minecraft:fern":1},"minecraft:custom":{"minecraft:interact_with_furnace":12,"minecraft:mob_kills":13,"minecraft:interact_with_crafting_table":7,"minecraft:leave_game":1,"minecraft:time_since_death":37798,"minecraft:sleep_in_bed":4,"minecraft:time_since_rest":7102,"minecraft:sprint_one_cm":92146,"minecraft:damage_taken":682,"minecraft:walk_one_cm":99215,"minecraft:damage_blocked_by_shield":350,"minecraft:drop":7,"minecraft:damage_dealt":1852,"minecraft:talked_to_villager":1,"minecraft:swim_one_cm":4314,"minecraft:fly_one_cm":44825,"minecraft:open_chest":2,"minecraft:crouch_one_cm":1158,"minecraft:play_time":37798,"minecraft:sneak_time":1042,"minecraft:walk_under_water_one_cm":19120,"minecraft:jump":612,"minecraft:walk_on_water_one_cm":29081,"minecraft:total_world_time":37798,"minecraft:fall_one_cm":12814},"minecraft:used":{"minecraft:wheat_seeds":5,"minecraft:water_bucket":15,"minecraft:shield":3,"minecraft:iron_sword":78,"minecraft:wooden_shovel":32,"minecraft:blue_bed":3,"minecraft:rotten_flesh":2,"minecraft:torch":4,"minecraft:dirt":39,"minecraft:crafting_table":5,"minecraft:wooden_hoe":5,"minecraft:iron_axe":49,"minecraft:lantern":2,"minecraft:iron_pickaxe":216,"minecraft:cobblestone":5,"minecraft:beef":6,"minecraft:furnace":4,"minecraft:porkchop":7,"minecraft:cooked_porkchop":4,"minecraft:bucket":16,"minecraft:bone_meal":3},"minecraft:picked_up":{"minecraft:crafting_table":4,"minecraft:andesite":8,"minecraft:leather":3,"minecraft:oak_log":47,"minecraft:lapis_lazuli":23,"minecraft:blue_bed":4,"minecraft:dirt":39,"minecraft:red_bed":1,"minecraft:lantern":2,"minecraft:raw_copper":55,"minecraft:bone":2,"minecraft:wheat_seeds":5,"minecraft:raw_gold":4,"minecraft:iron_ingot":17,"minecraft:beef":6,"minecraft:furnace":5,"minecraft:stick":4,"minecraft:raw_iron":17,"minecraft:torch":2,"minecraft:gravel":7,"minecraft:porkchop":17,"minecraft:diorite":1,"minecraft:white_bed":1,"minecraft:redstone":28,"minecraft:spruce_fence_gate":1,"minecraft:rotten_flesh":2,"minecraft:snowball":1,"minecraft:coal":83,"minecraft:cobblestone":62},"minecraft:killed":{"minecraft:pig":6,"minecraft:spider":1,"minecraft:skeleton":1,"minecraft:zombie":2,"minecraft:cow":3},"minecraft:dropped":{"minecraft:gravel":7,"minecraft:diorite":1,"minecraft:andesite":8,"minecraft:bone":1},"minecraft:crafted":{"minecraft:oak_planks":188,"minecraft:wooden_shovel":1,"minecraft:cooked_porkchop":4,"minecraft:crafting_table":1,"minecraft:iron_sword":1,"minecraft:bone_meal":3,"minecraft:bucket":2,"minecraft:iron_chestplate":1,"minecraft:wooden_hoe":1,"minecraft:shield":1,"minecraft:iron_axe":1,"minecraft:stick":12,"minecraft:iron_ingot":7,"minecraft:iron_pickaxe":1,"minecraft:torch":12}},"DataVersion":3465}