{"stats":{"minecraft:custom":{"minecraft:mob_kills":28,"minecraft:interact_with_crafting_table":43,"minecraft:leave_game":9,"minecraft:time_since_death":173633,"minecraft:sprint_one_cm":382616,"minecraft:walk_one_cm":689147,"minecraft:damage_blocked_by_shield":175,"minecraft:drop":73,"minecraft:talked_to_villager":78,"minecraft:play_time":185553,"minecraft:deaths":1,"minecraft:sneak_time":1548,"minecraft:walk_under_water_one_cm":6757,"minecraft:jump":2630,"minecraft:walk_on_water_one_cm":19937,"minecraft:total_world_time":185553,"minecraft:interact_with_furnace":53,"minecraft:traded_with_villager":113,"minecraft:sleep_in_bed":10,"minecraft:time_since_rest":65492,"minecraft:damage_taken":1109,"minecraft:damage_dealt":3686,"minecraft:fly_one_cm":332034,"minecraft:swim_one_cm":6261,"minecraft:open_chest":5,"minecraft:crouch_one_cm":970,"minecraft:fall_one_cm":34938},"minecraft:mined":{"minecraft:white_bed":7,"minecraft:mossy_cobblestone":46,"minecraft:granite":61,"minecraft:grass_block":21,"minecraft:spruce_leaves":21,"minecraft:furnace":5,"minecraft:iron_ore":87,"minecraft:snow":9,"minecraft:andesite":68,"minecraft:fletching_table":11,"minecraft:stone":213,"minecraft:red_bed":3,"minecraft:powder_snow":30,"minecraft:crafting_table":6,"minecraft:torch":19,"minecraft:emerald_ore":4,"minecraft:cobblestone":152,"minecraft:copper_ore":4,"minecraft:oak_planks":1,"minecraft:sugar_cane":8,"minecraft:diorite":28,"minecraft:wall_torch":10,"minecraft:birch_log":6,"minecraft:ice":1,"minecraft:birch_leaves":1,"minecraft:grass":14,"minecraft:oak_log":12,"minecraft:coal_ore":134,"minecraft:sand":8,"minecraft:gravel":34,"minecraft:dirt":50,"minecraft:gold_ore":3,"minecraft:oak_leaves":8,"minecraft:deepslate":87},"minecraft:used":{"minecraft:stone_sword":30,"minecraft:stone_shovel":79,"minecraft:poppy":2,"minecraft:shield":6,"minecraft:iron_sword":92,"minecraft:torch":75,"minecraft:dirt":45,"minecraft:snowball":7,"minecraft:wooden_axe":1,"minecraft:iron_axe":31,"minecraft:birch_sapling":1,"minecraft:oak_sapling":28,"minecraft:furnace":6,"minecraft:cooked_beef":1,"minecraft:cooked_mutton":15,"minecraft:water_bucket":26,"minecraft:stone_pickaxe":196,"minecraft:oak_planks":1,"minecraft:wooden_pickaxe":23,"minecraft:fletching_table":15,"minecraft:sugar_cane":10,"minecraft:mossy_cobblestone":35,"minecraft:sand":6,"minecraft:crafting_table":10,"minecraft:red_bed":2,"minecraft:white_bed":8,"minecraft:apple":1,"minecraft:netherite_axe":8,"minecraft:iron_pickaxe":748,"minecraft:spruce_sapling":31,"minecraft:gravel":9,"minecraft:stone_axe":27,"minecraft:cobblestone":241,"minecraft:cooked_porkchop":3,"minecraft:andesite":1,"minecraft:bucket":27,"minecraft:dandelion":1},"minecraft:picked_up":{"minecraft:wooden_axe":1,"minecraft:crafting_table":6,"minecraft:chicken":1,"minecraft:wooden_pickaxe":2,"minecraft:string":4,"minecraft:red_bed":2,"minecraft:raw_copper":17,"minecraft:cobbled_deepslate":83,"minecraft:spruce_planks":19,"minecraft:beef":1,"minecraft:poppy":2,"minecraft:sugar_cane":10,"minecraft:birch_sapling":1,"minecraft:furnace":5,"minecraft:raw_iron":87,"minecraft:stick":38,"minecraft:torch":40,"minecraft:spruce_stairs":5,"minecraft:spruce_fence":3,"minecraft:porkchop":7,"minecraft:diorite":41,"minecraft:arrow":2,"minecraft:rotten_flesh":9,"minecraft:mutton":16,"minecraft:snowball":120,"minecraft:white_wool":9,"minecraft:cobblestone":366,"minecraft:birch_log":25,"minecraft:andesite":83,"minecraft:flint":12,"minecraft:oak_log":182,"minecraft:gunpowder":2,"minecraft:dirt":82,"minecraft:cooked_mutton":6,"minecraft:apple":2,"minecraft:wheat_seeds":2,"minecraft:raw_gold":3,"minecraft:fletching_table":10,"minecraft:oak_planks":57,"minecraft:music_disc_13":1,"minecraft:dandelion":1,"minecraft:gravel":62,"minecraft:sand":8,"minecraft:spruce_sapling":31,"minecraft:white_bed":7,"minecraft:spruce_log":298,"minecraft:spider_eye":2,"minecraft:mossy_cobblestone":35,"minecraft:granite":62,"minecraft:emerald":4,"minecraft:oak_sapling":28,"minecraft:coal":210,"minecraft:hopper":2},"minecraft:killed_by":{"minecraft:spider":1},"minecraft:killed":{"minecraft:spider":2,"minecraft:skeleton":1,"minecraft:chicken":1,"minecraft:pig":3,"minecraft:sheep":9,"minecraft:zombie":7,"minecraft:stray":1,"minecraft:cow":1},"minecraft:dropped":{"minecraft:iron_ingot":17,"minecraft:porkchop":4,"minecraft:wheat_seeds":2,"minecraft:oak_log":6,"minecraft:cobblestone":1,"minecraft:spruce_stairs":5,"minecraft:diorite":6,"minecraft:wooden_axe":2,"minecraft:snowball":113,"minecraft:sand":2,"minecraft:iron_pickaxe":2,"minecraft:string":2,"minecraft:white_wool":6,"minecraft:gravel":28,"minecraft:stone_axe":1,"minecraft:cobbled_deepslate":26,"minecraft:stone_sword":1,"minecraft:raw_copper":17,"minecraft:rotten_flesh":4,"minecraft:spruce_fence":3,"minecraft:oak_button":80,"minecraft:gunpowder":2,"minecraft:andesite":4,"minecraft:spider_eye":2,"minecraft:arrow":2,"minecraft:wooden_pickaxe":3},"minecraft:crafted":{"minecraft:oak_planks":652,"minecraft:cobblestone_slab":6,"minecraft:stone_shovel":1,"minecraft:furnace":1,"minecraft:cooked_mutton":10,"minecraft:iron_axe":1,"minecraft:stone_pickaxe":2,"minecraft:oak_button":80,"minecraft:cooked_beef":1,"minecraft:emerald":113,"minecraft:cooked_porkchop":3,"minecraft:crafting_table":4,"minecraft:spruce_planks":1192,"minecraft:iron_helmet":1,"minecraft:wooden_pickaxe":1,"minecraft:iron_sword":1,"minecraft:fletching_table":5,"minecraft:bucket":1,"minecraft:birch_planks":100,"minecraft:stone_axe":3,"minecraft:iron_chestplate":1,"minecraft:shield":1,"minecraft:stick":3601,"minecraft:iron_ingot":63,"minecraft:iron_pickaxe":4,"minecraft:wooden_axe":1,"minecraft:stone_sword":1,"minecraft:iron_leggings":1,"minecraft:white_bed":1,"minecraft:torch":68},"minecraft:broken":{"minecraft:stone_pickaxe":1,"minecraft:iron_pickaxe":1}},"DataVersion":3465}