{"stats":{"minecraft:mined":{"minecraft:white_bed":5,"minecraft:red_bed":1,"minecraft:powder_snow":30,"minecraft:torch":9,"minecraft:crafting_table":5,"minecraft:emerald_ore":4,"minecraft:cobblestone":8,"minecraft:spruce_leaves":18,"minecraft:oak_planks":1,"minecraft:wall_torch":2,"minecraft:furnace":4,"minecraft:birch_log":6,"minecraft:iron_ore":53,"minecraft:birch_leaves":1,"minecraft:fletching_table":9,"minecraft:grass":12,"minecraft:coal_ore":85,"minecraft:oak_log":12,"minecraft:gravel":14,"minecraft:dirt":3,"minecraft:stone":114,"minecraft:oak_leaves":7},"minecraft:custom":{"minecraft:interact_with_furnace":44,"minecraft:mob_kills":23,"minecraft:traded_with_villager":86,"minecraft:interact_with_crafting_table":33,"minecraft:leave_game":9,"minecraft:time_since_death":101633,"minecraft:sleep_in_bed":9,"minecraft:time_since_rest":9644,"minecraft:sprint_one_cm":256815,"minecraft:damage_taken":915,"minecraft:walk_one_cm":396567,"minecraft:damage_blocked_by_shield":135,"minecraft:drop":31,"minecraft:damage_dealt":2640,"minecraft:swim_one_cm":18,"minecraft:talked_to_villager":55,"minecraft:fly_one_cm":224138,"minecraft:open_chest":5,"minecraft:crouch_one_cm":598,"minecraft:play_time":113553,"minecraft:deaths":1,"minecraft:sneak_time":766,"minecraft:walk_under_water_one_cm":1502,"minecraft:jump":1856,"minecraft:walk_on_water_one_cm":3403,"minecraft:total_world_time":113553,"minecraft:fall_one_cm":28823},"minecraft:used":{"minecraft:cooked_mutton":9,"minecraft:water_bucket":5,"minecraft:stone_sword":30,"minecraft:stone_pickaxe":131,"minecraft:oak_planks":1,"minecraft:poppy":2,"minecraft:shield":5,"minecraft:wooden_pickaxe":23,"minecraft:iron_sword":58,"minecraft:fletching_table":12,"minecraft:torch":14,"minecraft:dirt":15,"minecraft:crafting_table":8,"minecraft:red_bed":1,"minecraft:white_bed":5,"minecraft:wooden_axe":1,"minecraft:apple":1,"minecraft:iron_axe":31,"minecraft:iron_pickaxe":159,"minecraft:netherite_axe":8,"minecraft:spruce_sapling":9,"minecraft:gravel":9,"minecraft:stone_axe":18,"minecraft:cobblestone":63,"minecraft:furnace":4,"minecraft:oak_sapling":17,"minecraft:cooked_porkchop":3,"minecraft:bucket":6,"minecraft:cooked_beef":1,"minecraft:dandelion":1},"minecraft:picked_up":{"minecraft:wooden_axe":1,"minecraft:birch_log":25,"minecraft:crafting_table":5,"minecraft:chicken":1,"minecraft:andesite":4,"minecraft:wooden_pickaxe":2,"minecraft:flint":10,"minecraft:oak_log":137,"minecraft:gunpowder":2,"minecraft:string":2,"minecraft:dirt":15,"minecraft:red_bed":1,"minecraft:cooked_mutton":6,"minecraft:apple":2,"minecraft:wheat_seeds":1,"minecraft:spruce_planks":19,"minecraft:beef":1,"minecraft:poppy":2,"minecraft:fletching_table":8,"minecraft:birch_sapling":1,"minecraft:oak_planks":57,"minecraft:furnace":4,"minecraft:stick":37,"minecraft:raw_iron":50,"minecraft:torch":12,"minecraft:dandelion":1,"minecraft:gravel":37,"minecraft:porkchop":7,"minecraft:spruce_sapling":31,"minecraft:diorite":1,"minecraft:white_bed":5,"minecraft:spruce_log":291,"minecraft:spider_eye":1,"minecraft:arrow":2,"minecraft:rotten_flesh":4,"minecraft:emerald":4,"minecraft:oak_sapling":28,"minecraft:mutton":16,"minecraft:coal":99,"minecraft:snowball":112,"minecraft:white_wool":9,"minecraft:cobblestone":128},"minecraft:killed_by":{"minecraft:spider":1},"minecraft:killed":{"minecraft:pig":3,"minecraft:spider":1,"minecraft:skeleton":1,"minecraft:sheep":9,"minecraft:zombie":4,"minecraft:stray":1,"minecraft:chicken":1,"minecraft:cow":1},"minecraft:dropped":{"minecraft:gravel":28,"minecraft:iron_ingot":17,"minecraft:stone_axe":1,"minecraft:porkchop":4,"minecraft:wheat_seeds":1,"minecraft:oak_log":6,"minecraft:stone_sword":1,"minecraft:rotten_flesh":3,"minecraft:cobblestone":1,"minecraft:gunpowder":2,"minecraft:oak_button":56,"minecraft:diorite":1,"minecraft:wooden_axe":2,"minecraft:andesite":4,"minecraft:snowball":112,"minecraft:arrow":1,"minecraft:wooden_pickaxe":2,"minecraft:white_wool":6},"minecraft:crafted":{"minecraft:cooked_beef":1,"minecraft:oak_planks":472,"minecraft:emerald":86,"minecraft:cooked_porkchop":3,"minecraft:crafting_table":4,"minecraft:spruce_planks":1164,"minecraft:wooden_pickaxe":1,"minecraft:iron_helmet":1,"minecraft:iron_sword":1,"minecraft:furnace":1,"minecraft:fletching_table":4,"minecraft:bucket":1,"minecraft:birch_planks":28,"minecraft:stone_axe":3,"minecraft:cooked_mutton":10,"minecraft:iron_chestplate":1,"minecraft:shield":1,"minecraft:iron_axe":1,"minecraft:stick":3105,"minecraft:iron_ingot":49,"minecraft:iron_pickaxe":1,"minecraft:stone_pickaxe":1,"minecraft:wooden_axe":1,"minecraft:stone_sword":1,"minecraft:iron_leggings":1,"minecraft:oak_button":56,"minecraft:white_bed":1,"minecraft:torch":24},"minecraft:broken":{"minecraft:stone_pickaxe":1}},"DataVersion":3465}