{"stats":{"minecraft:custom":{"minecraft:mob_kills":155,"minecraft:inspect_hopper":8,"minecraft:interact_with_crafting_table":75,"minecraft:leave_game":13,"minecraft:time_since_death":113252,"minecraft:sprint_one_cm":696686,"minecraft:walk_one_cm":1301380,"minecraft:damage_blocked_by_shield":920,"minecraft:drop":111,"minecraft:talked_to_villager":89,"minecraft:play_time":392006,"minecraft:deaths":4,"minecraft:sneak_time":5535,"minecraft:walk_under_water_one_cm":171416,"minecraft:jump":5277,"minecraft:walk_on_water_one_cm":105336,"minecraft:total_world_time":392006,"minecraft:interact_with_furnace":84,"minecraft:traded_with_villager":141,"minecraft:sleep_in_bed":15,"minecraft:time_since_rest":0,"minecraft:damage_taken":3303,"minecraft:damage_dealt":10772,"minecraft:fly_one_cm":648386,"minecraft:swim_one_cm":30405,"minecraft:open_chest":71,"minecraft:crouch_one_cm":2629,"minecraft:fall_one_cm":74806},"minecraft:killed_by":{"minecraft:spider":1},"minecraft:crafted":{"minecraft:oak_planks":936,"minecraft:cobblestone_slab":6,"minecraft:stone_shovel":1,"minecraft:oak_sign":3,"minecraft:cooked_chicken":1,"minecraft:furnace":3,"minecraft:cobblestone_stairs":4,"minecraft:cooked_mutton":10,"minecraft:hopper":4,"minecraft:iron_axe":2,"minecraft:stone_pickaxe":2,"minecraft:cobblestone_wall":6,"minecraft:chest":13,"minecraft:oak_button":80,"minecraft:cooked_rabbit":2,"minecraft:cooked_beef":1,"minecraft:emerald":141,"minecraft:cooked_porkchop":6,"minecraft:crafting_table":5,"minecraft:spruce_planks":1400,"minecraft:wooden_pickaxe":1,"minecraft:iron_helmet":1,"minecraft:iron_sword":2,"minecraft:fletching_table":5,"minecraft:bucket":1,"minecraft:birch_planks":100,"minecraft:stone_axe":3,"minecraft:bread":1,"minecraft:spruce_trapdoor":4,"minecraft:iron_chestplate":1,"minecraft:shield":1,"minecraft:stick":4505,"minecraft:iron_ingot":101,"minecraft:iron_pickaxe":7,"minecraft:wooden_axe":1,"minecraft:stone_sword":1,"minecraft:gold_ingot":14,"minecraft:iron_leggings":1,"minecraft:white_bed":1,"minecraft:torch":120},"minecraft:broken":{"minecraft:stone_pickaxe":1,"minecraft:iron_sword":1,"minecraft:iron_pickaxe":3},"minecraft:killed":{"minecraft:spider":6,"minecraft:skeleton":3,"minecraft:chicken":1,"minecraft:pig":4,"minecraft:rabbit":2,"minecraft:wandering_trader":1,"minecraft:creeper":1,"minecraft:sheep":9,"minecraft:trader_llama":1,"minecraft:zombie":119,"minecraft:stray":1,"minecraft:cow":1},"minecraft:dropped":{"minecraft:iron_ingot":17,"minecraft:birch_planks":2,"minecraft:porkchop":4,"minecraft:wheat_seeds":2,"minecraft:oak_log":6,"minecraft:mossy_cobblestone":1,"minecraft:feather":1,"minecraft:cobblestone":42,"minecraft:granite":68,"minecraft:spruce_stairs":5,"minecraft:music_disc_13":1,"minecraft:cobblestone_stairs":1,"minecraft:gold_block":1,"minecraft:diorite":6,"minecraft:wooden_axe":2,"minecraft:snowball":113,"minecraft:sand":2,"minecraft:iron_pickaxe":4,"minecraft:string":10,"minecraft:white_wool":6,"minecraft:gravel":58,"minecraft:stone_axe":1,"minecraft:kelp":256,"minecraft:sugar_cane":1,"minecraft:stone_sword":1,"minecraft:cobblestone_wall":4,"minecraft:cobbled_deepslate":27,"minecraft:raw_copper":42,"minecraft:tuff":5,"minecraft:stone_shovel":1,"minecraft:rotten_flesh":4,"minecraft:spruce_fence":15,"minecraft:gunpowder":2,"minecraft:oak_button":80,"minecraft:andesite":71,"minecraft:spider_eye":2,"minecraft:arrow":3,"minecraft:wooden_pickaxe":3,"minecraft:bell":1},"minecraft:picked_up":{"minecraft:wooden_axe":1,"minecraft:crafting_table":10,"minecraft:wheat":4,"minecraft:chicken":1,"minecraft:wooden_pickaxe":2,"minecraft:gold_block":2,"minecraft:iron_axe":1,"minecraft:red_bed":2,"minecraft:string":14,"minecraft:raw_copper":42,"minecraft:cobbled_deepslate":166,"minecraft:spruce_planks":19,"minecraft:beef":1,"minecraft:cobblestone_slab":5,"minecraft:poppy":2,"minecraft:iron_pickaxe":1,"minecraft:sugar_cane":74,"minecraft:chest":5,"minecraft:birch_sapling":1,"minecraft:spruce_trapdoor":4,"minecraft:furnace":9,"minecraft:stick":47,"minecraft:raw_iron":92,"minecraft:torch":83,"minecraft:spruce_stairs":5,"minecraft:spruce_fence":27,"minecraft:porkchop":10,"minecraft:diorite":66,"minecraft:carrot":1,"minecraft:arrow":10,"minecraft:rotten_flesh":22,"minecraft:mutton":16,"minecraft:snowball":120,"minecraft:white_wool":9,"minecraft:cobblestone":625,"minecraft:birch_log":25,"minecraft:feather":1,"minecraft:glow_ink_sac":1,"minecraft:andesite":176,"minecraft:leather":2,"minecraft:birch_planks":3,"minecraft:flint":12,"minecraft:tuff":9,"minecraft:oak_log":253,"minecraft:cobblestone_stairs":5,"minecraft:gunpowder":2,"minecraft:dirt":171,"minecraft:cooked_mutton":6,"minecraft:bone":2,"minecraft:apple":2,"minecraft:kelp":1059,"minecraft:wheat_seeds":20,"minecraft:raw_gold":14,"minecraft:rabbit_hide":1,"minecraft:bell":2,"minecraft:fletching_table":10,"minecraft:rabbit":2,"minecraft:oak_planks":77,"minecraft:music_disc_13":1,"minecraft:dandelion":1,"minecraft:gravel":75,"minecraft:sand":8,"minecraft:spruce_sapling":36,"minecraft:white_bed":7,"minecraft:spruce_log":350,"minecraft:spider_eye":2,"minecraft:mossy_cobblestone":36,"minecraft:diamond":5,"minecraft:granite":68,"minecraft:emerald":4,"minecraft:oak_sapling":35,"minecraft:coal":336,"minecraft:hopper":7},"minecraft:mined":{"minecraft:tuff":9,"minecraft:white_bed":7,"minecraft:mossy_cobblestone":49,"minecraft:deepslate_diamond_ore":5,"minecraft:cobblestone_stairs":5,"minecraft:spruce_trapdoor":4,"minecraft:granite":68,"minecraft:grass_block":25,"minecraft:spruce_leaves":21,"minecraft:hopper":4,"minecraft:furnace":8,"minecraft:cobbled_deepslate":35,"minecraft:iron_ore":90,"minecraft:snow":9,"minecraft:andesite":159,"minecraft:fletching_table":11,"minecraft:deepslate_iron_ore":2,"minecraft:cobblestone_slab":5,"minecraft:stone":360,"minecraft:red_bed":3,"minecraft:powder_snow":30,"minecraft:crafting_table":9,"minecraft:torch":37,"minecraft:emerald_ore":4,"minecraft:chest":3,"minecraft:cobblestone":243,"minecraft:copper_ore":10,"minecraft:deepslate_gold_ore":11,"minecraft:sugar_cane":44,"minecraft:oak_planks":2,"minecraft:diorite":55,"minecraft:wall_torch":32,"minecraft:birch_log":6,"minecraft:wheat":5,"minecraft:ice":1,"minecraft:birch_leaves":1,"minecraft:grass":18,"minecraft:coal_ore":189,"minecraft:oak_log":16,"minecraft:gravel":44,"minecraft:sand":8,"minecraft:dirt":111,"minecraft:gold_ore":3,"minecraft:oak_leaves":26,"minecraft:deepslate":152},"minecraft:used":{"minecraft:stone_sword":30,"minecraft:stone_shovel":117,"minecraft:poppy":2,"minecraft:oak_sign":3,"minecraft:chest":10,"minecraft:shield":25,"minecraft:iron_sword":394,"minecraft:cooked_chicken":1,"minecraft:rotten_flesh":64,"minecraft:torch":143,"minecraft:dirt":113,"minecraft:soul_sand":1,"minecraft:hopper":10,"minecraft:cobblestone_wall":2,"minecraft:carrot":1,"minecraft:tuff":4,"minecraft:snowball":7,"minecraft:wooden_axe":1,"minecraft:iron_block":8,"minecraft:iron_axe":107,"minecraft:birch_sapling":1,"minecraft:furnace":10,"minecraft:oak_sapling":33,"minecraft:gold_block":4,"minecraft:cooked_beef":1,"minecraft:cobbled_deepslate":119,"minecraft:wheat_seeds":5,"minecraft:cooked_mutton":16,"minecraft:water_bucket":78,"minecraft:cobblestone_stairs":8,"minecraft:stone_pickaxe":196,"minecraft:oak_planks":2,"minecraft:wooden_pickaxe":23,"minecraft:sugar_cane":26,"minecraft:fletching_table":15,"minecraft:cobblestone_slab":11,"minecraft:mossy_cobblestone":35,"minecraft:sand":6,"minecraft:crafting_table":15,"minecraft:red_bed":2,"minecraft:white_bed":8,"minecraft:apple":2,"minecraft:bread":1,"minecraft:netherite_axe":8,"minecraft:iron_pickaxe":1371,"minecraft:spruce_trapdoor":4,"minecraft:spruce_sapling":36,"minecraft:gravel":17,"minecraft:stone_axe":27,"minecraft:cobblestone":517,"minecraft:cooked_porkchop":5,"minecraft:bucket":77,"minecraft:cooked_rabbit":2,"minecraft:andesite":102,"minecraft:kelp":27,"minecraft:dandelion":1}},"DataVersion":3465}