{"stats":{"minecraft:custom":{"minecraft:mob_kills":40,"minecraft:interact_with_crafting_table":61,"minecraft:leave_game":10,"minecraft:time_since_death":15256,"minecraft:sprint_one_cm":498257,"minecraft:walk_one_cm":973163,"minecraft:damage_blocked_by_shield":380,"minecraft:drop":80,"minecraft:talked_to_villager":85,"minecraft:play_time":294010,"minecraft:deaths":4,"minecraft:sneak_time":3751,"minecraft:walk_under_water_one_cm":148660,"minecraft:jump":3924,"minecraft:walk_on_water_one_cm":48228,"minecraft:total_world_time":294010,"minecraft:interact_with_furnace":69,"minecraft:traded_with_villager":113,"minecraft:sleep_in_bed":12,"minecraft:time_since_rest":8536,"minecraft:damage_taken":2507,"minecraft:damage_dealt":5554,"minecraft:fly_one_cm":459415,"minecraft:swim_one_cm":7678,"minecraft:open_chest":23,"minecraft:crouch_one_cm":1109,"minecraft:fall_one_cm":52791},"minecraft:mined":{"minecraft:tuff":8,"minecraft:white_bed":7,"minecraft:mossy_cobblestone":46,"minecraft:deepslate_diamond_ore":2,"minecraft:granite":63,"minecraft:grass_block":25,"minecraft:spruce_leaves":21,"minecraft:furnace":6,"minecraft:cobbled_deepslate":27,"minecraft:iron_ore":87,"minecraft:snow":9,"minecraft:andesite":146,"minecraft:fletching_table":11,"minecraft:cobblestone_slab":3,"minecraft:stone":315,"minecraft:red_bed":3,"minecraft:powder_snow":30,"minecraft:crafting_table":7,"minecraft:torch":19,"minecraft:emerald_ore":4,"minecraft:cobblestone":238,"minecraft:copper_ore":8,"minecraft:oak_planks":1,"minecraft:sugar_cane":10,"minecraft:diorite":30,"minecraft:wall_torch":14,"minecraft:birch_log":6,"minecraft:wheat":5,"minecraft:ice":1,"minecraft:birch_leaves":1,"minecraft:grass":14,"minecraft:oak_log":12,"minecraft:coal_ore":134,"minecraft:gravel":38,"minecraft:sand":8,"minecraft:dirt":93,"minecraft:gold_ore":3,"minecraft:oak_leaves":8,"minecraft:deepslate":129},"minecraft:used":{"minecraft:stone_sword":30,"minecraft:stone_shovel":117,"minecraft:poppy":2,"minecraft:oak_sign":3,"minecraft:chest":2,"minecraft:shield":8,"minecraft:iron_sword":188,"minecraft:cooked_chicken":1,"minecraft:rotten_flesh":16,"minecraft:torch":103,"minecraft:dirt":78,"minecraft:hopper":1,"minecraft:cobblestone_wall":2,"minecraft:tuff":2,"minecraft:snowball":7,"minecraft:wooden_axe":1,"minecraft:iron_block":8,"minecraft:iron_axe":31,"minecraft:birch_sapling":1,"minecraft:oak_sapling":28,"minecraft:furnace":7,"minecraft:gold_block":4,"minecraft:cooked_beef":1,"minecraft:cobbled_deepslate":60,"minecraft:wheat_seeds":5,"minecraft:cooked_mutton":16,"minecraft:water_bucket":68,"minecraft:cobblestone_stairs":4,"minecraft:stone_pickaxe":196,"minecraft:oak_planks":1,"minecraft:wooden_pickaxe":23,"minecraft:cobblestone_slab":5,"minecraft:fletching_table":15,"minecraft:sugar_cane":12,"minecraft:mossy_cobblestone":35,"minecraft:sand":6,"minecraft:crafting_table":11,"minecraft:red_bed":2,"minecraft:white_bed":8,"minecraft:apple":2,"minecraft:bread":1,"minecraft:iron_pickaxe":1122,"minecraft:netherite_axe":8,"minecraft:spruce_sapling":31,"minecraft:gravel":9,"minecraft:stone_axe":27,"minecraft:cobblestone":487,"minecraft:cooked_porkchop":3,"minecraft:cooked_rabbit":1,"minecraft:andesite":91,"minecraft:bucket":67,"minecraft:kelp":27,"minecraft:dandelion":1},"minecraft:picked_up":{"minecraft:wooden_axe":1,"minecraft:crafting_table":8,"minecraft:wheat":4,"minecraft:chicken":1,"minecraft:wooden_pickaxe":2,"minecraft:string":8,"minecraft:red_bed":2,"minecraft:raw_copper":33,"minecraft:cobbled_deepslate":150,"minecraft:spruce_planks":19,"minecraft:beef":1,"minecraft:cobblestone_slab":2,"minecraft:poppy":2,"minecraft:sugar_cane":12,"minecraft:birch_sapling":1,"minecraft:furnace":6,"minecraft:stick":38,"minecraft:raw_iron":87,"minecraft:torch":47,"minecraft:spruce_stairs":5,"minecraft:spruce_fence":3,"minecraft:porkchop":7,"minecraft:diorite":41,"minecraft:arrow":2,"minecraft:rotten_flesh":14,"minecraft:mutton":16,"minecraft:snowball":120,"minecraft:white_wool":9,"minecraft:cobblestone":552,"minecraft:birch_log":25,"minecraft:feather":1,"minecraft:andesite":158,"minecraft:flint":12,"minecraft:tuff":8,"minecraft:oak_log":182,"minecraft:gunpowder":2,"minecraft:dirt":129,"minecraft:cooked_mutton":6,"minecraft:apple":2,"minecraft:kelp":320,"minecraft:wheat_seeds":20,"minecraft:raw_gold":3,"minecraft:rabbit_hide":1,"minecraft:rabbit":2,"minecraft:fletching_table":10,"minecraft:oak_planks":76,"minecraft:music_disc_13":1,"minecraft:dandelion":1,"minecraft:gravel":64,"minecraft:sand":8,"minecraft:spruce_sapling":31,"minecraft:white_bed":7,"minecraft:spruce_log":298,"minecraft:spider_eye":2,"minecraft:mossy_cobblestone":35,"minecraft:diamond":2,"minecraft:granite":64,"minecraft:emerald":4,"minecraft:oak_sapling":28,"minecraft:coal":211,"minecraft:hopper":2},"minecraft:killed_by":{"minecraft:spider":1},"minecraft:killed":{"minecraft:spider":3,"minecraft:skeleton":1,"minecraft:chicken":1,"minecraft:pig":3,"minecraft:rabbit":2,"minecraft:wandering_trader":1,"minecraft:sheep":9,"minecraft:zombie":14,"minecraft:stray":1,"minecraft:cow":1},"minecraft:dropped":{"minecraft:iron_ingot":17,"minecraft:porkchop":4,"minecraft:wheat_seeds":2,"minecraft:oak_log":6,"minecraft:feather":1,"minecraft:cobblestone":1,"minecraft:spruce_stairs":5,"minecraft:music_disc_13":1,"minecraft:diorite":6,"minecraft:wooden_axe":2,"minecraft:snowball":113,"minecraft:sand":2,"minecraft:iron_pickaxe":2,"minecraft:string":6,"minecraft:white_wool":6,"minecraft:gravel":28,"minecraft:stone_axe":1,"minecraft:cobblestone_wall":4,"minecraft:stone_sword":1,"minecraft:cobbled_deepslate":26,"minecraft:raw_copper":33,"minecraft:stone_shovel":1,"minecraft:rotten_flesh":4,"minecraft:spruce_fence":3,"minecraft:oak_button":80,"minecraft:gunpowder":2,"minecraft:andesite":4,"minecraft:spider_eye":2,"minecraft:arrow":2,"minecraft:wooden_pickaxe":3},"minecraft:crafted":{"minecraft:oak_planks":652,"minecraft:oak_sign":3,"minecraft:cobblestone_slab":6,"minecraft:stone_shovel":1,"minecraft:cooked_chicken":1,"minecraft:furnace":2,"minecraft:cobblestone_stairs":4,"minecraft:cooked_mutton":10,"minecraft:iron_axe":1,"minecraft:stone_pickaxe":2,"minecraft:cobblestone_wall":6,"minecraft:chest":2,"minecraft:oak_button":80,"minecraft:cooked_rabbit":1,"minecraft:cooked_beef":1,"minecraft:emerald":113,"minecraft:cooked_porkchop":3,"minecraft:crafting_table":4,"minecraft:spruce_planks":1192,"minecraft:wooden_pickaxe":1,"minecraft:iron_helmet":1,"minecraft:iron_sword":1,"minecraft:fletching_table":5,"minecraft:bucket":1,"minecraft:birch_planks":100,"minecraft:stone_axe":3,"minecraft:bread":1,"minecraft:iron_chestplate":1,"minecraft:shield":1,"minecraft:stick":3601,"minecraft:iron_ingot":87,"minecraft:iron_pickaxe":6,"minecraft:wooden_axe":1,"minecraft:stone_sword":1,"minecraft:iron_leggings":1,"minecraft:white_bed":1,"minecraft:torch":68},"minecraft:broken":{"minecraft:stone_pickaxe":1,"minecraft:iron_pickaxe":3}},"DataVersion":3465}