{"stats":{"minecraft:mined":{"minecraft:white_bed":3,"minecraft:powder_snow":30,"minecraft:crafting_table":4,"minecraft:torch":9,"minecraft:emerald_ore":4,"minecraft:cobblestone":2,"minecraft:spruce_leaves":8,"minecraft:oak_planks":1,"minecraft:wall_torch":2,"minecraft:furnace":3,"minecraft:birch_log":6,"minecraft:iron_ore":53,"minecraft:birch_leaves":1,"minecraft:fletching_table":5,"minecraft:grass":10,"minecraft:coal_ore":85,"minecraft:oak_log":12,"minecraft:gravel":14,"minecraft:stone":59,"minecraft:oak_leaves":7},"minecraft:custom":{"minecraft:interact_with_furnace":41,"minecraft:mob_kills":16,"minecraft:traded_with_villager":15,"minecraft:interact_with_crafting_table":25,"minecraft:leave_game":8,"minecraft:time_since_death":64693,"minecraft:sleep_in_bed":4,"minecraft:time_since_rest":7135,"minecraft:sprint_one_cm":167541,"minecraft:damage_taken":640,"minecraft:walk_one_cm":252899,"minecraft:drop":15,"minecraft:damage_dealt":1418,"minecraft:talked_to_villager":19,"minecraft:swim_one_cm":18,"minecraft:fly_one_cm":139986,"minecraft:open_chest":4,"minecraft:crouch_one_cm":575,"minecraft:play_time":76613,"minecraft:deaths":1,"minecraft:sneak_time":708,"minecraft:walk_under_water_one_cm":1379,"minecraft:jump":1232,"minecraft:walk_on_water_one_cm":1469,"minecraft:total_world_time":76613,"minecraft:fall_one_cm":19820},"minecraft:used":{"minecraft:cooked_mutton":6,"minecraft:water_bucket":3,"minecraft:stone_sword":30,"minecraft:stone_pickaxe":131,"minecraft:oak_planks":1,"minecraft:wooden_pickaxe":23,"minecraft:iron_sword":16,"minecraft:fletching_table":7,"minecraft:torch":13,"minecraft:crafting_table":5,"minecraft:white_bed":4,"minecraft:wooden_axe":1,"minecraft:iron_axe":29,"minecraft:iron_pickaxe":93,"minecraft:netherite_axe":8,"minecraft:spruce_sapling":2,"minecraft:gravel":9,"minecraft:stone_axe":3,"minecraft:cobblestone":47,"minecraft:furnace":3,"minecraft:oak_sapling":14,"minecraft:bucket":4,"minecraft:cooked_beef":1},"minecraft:picked_up":{"minecraft:wooden_axe":1,"minecraft:crafting_table":4,"minecraft:chicken":1,"minecraft:wooden_pickaxe":2,"minecraft:flint":6,"minecraft:oak_log":44,"minecraft:gunpowder":1,"minecraft:apple":1,"minecraft:wheat_seeds":1,"minecraft:beef":1,"minecraft:fletching_table":5,"minecraft:oak_planks":18,"minecraft:furnace":3,"minecraft:stick":12,"minecraft:raw_iron":50,"minecraft:torch":12,"minecraft:gravel":31,"minecraft:porkchop":7,"minecraft:spruce_sapling":2,"minecraft:spruce_log":124,"minecraft:white_bed":3,"minecraft:rotten_flesh":2,"minecraft:emerald":4,"minecraft:oak_sapling":17,"minecraft:mutton":16,"minecraft:coal":93,"minecraft:white_wool":9,"minecraft:cobblestone":66,"minecraft:birch_log":7},"minecraft:killed_by":{"minecraft:spider":1},"minecraft:killed":{"minecraft:pig":3,"minecraft:sheep":9,"minecraft:zombie":1,"minecraft:chicken":1,"minecraft:cow":1},"minecraft:dropped":{"minecraft:gravel":22,"minecraft:iron_ingot":17,"minecraft:stone_axe":1,"minecraft:porkchop":4,"minecraft:wheat_seeds":1,"minecraft:oak_log":6,"minecraft:stone_sword":1,"minecraft:oak_button":56,"minecraft:wooden_axe":2,"minecraft:wooden_pickaxe":2,"minecraft:white_wool":6},"minecraft:crafted":{"minecraft:cooked_beef":1,"minecraft:oak_planks":100,"minecraft:emerald":15,"minecraft:cooked_porkchop":3,"minecraft:crafting_table":1,"minecraft:spruce_planks":208,"minecraft:wooden_pickaxe":1,"minecraft:iron_helmet":1,"minecraft:iron_sword":1,"minecraft:furnace":1,"minecraft:fletching_table":2,"minecraft:bucket":1,"minecraft:birch_planks":28,"minecraft:stone_axe":1,"minecraft:cooked_mutton":6,"minecraft:iron_chestplate":1,"minecraft:shield":1,"minecraft:iron_axe":1,"minecraft:stick":492,"minecraft:iron_ingot":49,"minecraft:iron_pickaxe":1,"minecraft:stone_pickaxe":1,"minecraft:wooden_axe":1,"minecraft:stone_sword":1,"minecraft:iron_leggings":1,"minecraft:oak_button":56,"minecraft:white_bed":1,"minecraft:torch":24},"minecraft:broken":{"minecraft:stone_pickaxe":1}},"DataVersion":3465}