{"stats":{"minecraft:mined":{"minecraft:white_bed":3,"minecraft:powder_snow":30,"minecraft:crafting_table":4,"minecraft:torch":9,"minecraft:emerald_ore":4,"minecraft:cobblestone":2,"minecraft:spruce_leaves":10,"minecraft:oak_planks":1,"minecraft:wall_torch":2,"minecraft:furnace":3,"minecraft:birch_log":6,"minecraft:iron_ore":53,"minecraft:birch_leaves":1,"minecraft:fletching_table":6,"minecraft:grass":11,"minecraft:coal_ore":85,"minecraft:oak_log":12,"minecraft:gravel":14,"minecraft:stone":61,"minecraft:oak_leaves":7},"minecraft:custom":{"minecraft:interact_with_furnace":41,"minecraft:mob_kills":16,"minecraft:traded_with_villager":54,"minecraft:interact_with_crafting_table":29,"minecraft:leave_game":8,"minecraft:time_since_death":76693,"minecraft:sleep_in_bed":5,"minecraft:time_since_rest":6219,"minecraft:sprint_one_cm":196947,"minecraft:damage_taken":660,"minecraft:walk_one_cm":294782,"minecraft:drop":15,"minecraft:damage_dealt":1418,"minecraft:talked_to_villager":38,"minecraft:swim_one_cm":18,"minecraft:fly_one_cm":160803,"minecraft:open_chest":4,"minecraft:crouch_one_cm":575,"minecraft:play_time":88613,"minecraft:deaths":1,"minecraft:sneak_time":708,"minecraft:walk_under_water_one_cm":1502,"minecraft:jump":1431,"minecraft:walk_on_water_one_cm":3105,"minecraft:total_world_time":88613,"minecraft:fall_one_cm":23654},"minecraft:used":{"minecraft:cooked_mutton":6,"minecraft:water_bucket":5,"minecraft:stone_sword":30,"minecraft:poppy":2,"minecraft:stone_pickaxe":131,"minecraft:oak_planks":1,"minecraft:wooden_pickaxe":23,"minecraft:iron_sword":16,"minecraft:fletching_table":9,"minecraft:torch":13,"minecraft:crafting_table":7,"minecraft:white_bed":4,"minecraft:wooden_axe":1,"minecraft:apple":1,"minecraft:iron_axe":31,"minecraft:iron_pickaxe":95,"minecraft:netherite_axe":8,"minecraft:spruce_sapling":8,"minecraft:gravel":9,"minecraft:stone_axe":3,"minecraft:cobblestone":49,"minecraft:furnace":3,"minecraft:oak_sapling":17,"minecraft:cooked_porkchop":2,"minecraft:bucket":6,"minecraft:cooked_beef":1,"minecraft:dandelion":1},"minecraft:picked_up":{"minecraft:wooden_axe":1,"minecraft:crafting_table":4,"minecraft:chicken":1,"minecraft:wooden_pickaxe":2,"minecraft:flint":10,"minecraft:oak_log":44,"minecraft:gunpowder":1,"minecraft:apple":1,"minecraft:wheat_seeds":1,"minecraft:beef":1,"minecraft:poppy":2,"minecraft:fletching_table":5,"minecraft:oak_planks":18,"minecraft:furnace":3,"minecraft:stick":14,"minecraft:raw_iron":50,"minecraft:torch":12,"minecraft:dandelion":1,"minecraft:gravel":31,"minecraft:porkchop":7,"minecraft:spruce_sapling":8,"minecraft:spruce_log":213,"minecraft:white_bed":3,"minecraft:rotten_flesh":2,"minecraft:emerald":4,"minecraft:oak_sapling":17,"minecraft:mutton":16,"minecraft:coal":93,"minecraft:white_wool":9,"minecraft:cobblestone":68,"minecraft:birch_log":7},"minecraft:killed_by":{"minecraft:spider":1},"minecraft:killed":{"minecraft:pig":3,"minecraft:sheep":9,"minecraft:zombie":1,"minecraft:chicken":1,"minecraft:cow":1},"minecraft:dropped":{"minecraft:gravel":22,"minecraft:iron_ingot":17,"minecraft:stone_axe":1,"minecraft:porkchop":4,"minecraft:wheat_seeds":1,"minecraft:oak_log":6,"minecraft:stone_sword":1,"minecraft:oak_button":56,"minecraft:wooden_axe":2,"minecraft:wooden_pickaxe":2,"minecraft:white_wool":6},"minecraft:crafted":{"minecraft:cooked_beef":1,"minecraft:oak_planks":100,"minecraft:emerald":54,"minecraft:cooked_porkchop":3,"minecraft:crafting_table":3,"minecraft:spruce_planks":852,"minecraft:wooden_pickaxe":1,"minecraft:iron_helmet":1,"minecraft:iron_sword":1,"minecraft:furnace":1,"minecraft:fletching_table":4,"minecraft:bucket":1,"minecraft:birch_planks":28,"minecraft:stone_axe":2,"minecraft:cooked_mutton":6,"minecraft:iron_chestplate":1,"minecraft:shield":1,"minecraft:iron_axe":1,"minecraft:stick":1748,"minecraft:iron_ingot":49,"minecraft:iron_pickaxe":1,"minecraft:stone_pickaxe":1,"minecraft:wooden_axe":1,"minecraft:stone_sword":1,"minecraft:iron_leggings":1,"minecraft:oak_button":56,"minecraft:white_bed":1,"minecraft:torch":24},"minecraft:broken":{"minecraft:stone_pickaxe":1}},"DataVersion":3465}