{"stats":{"minecraft:picked_up":{"minecraft:stick":4,"minecraft:beef":1,"minecraft:oak_log":23,"minecraft:oak_sapling":4,"minecraft:oak_planks":1},"minecraft:killed":{"minecraft:cow":1},"minecraft:crafted":{"minecraft:oak_planks":8,"minecraft:crafting_table":1,"minecraft:wooden_axe":1},"minecraft:mined":{"minecraft:grass":3,"minecraft:oak_log":6,"minecraft:oak_planks":1,"minecraft:oak_leaves":4},"minecraft:killed_by":{"minecraft:spider":1},"minecraft:used":{"minecraft:wooden_axe":1,"minecraft:crafting_table":1,"minecraft:oak_sapling":4,"minecraft:oak_planks":1,"minecraft:netherite_axe":8},"minecraft:custom":{"minecraft:time_since_rest":6478,"minecraft:crouch_one_cm":29,"minecraft:deaths":1,"minecraft:play_time":18370,"minecraft:sprint_one_cm":21072,"minecraft:damage_taken":315,"minecraft:walk_one_cm":35926,"minecraft:sneak_time":27,"minecraft:mob_kills":1,"minecraft:jump":200,"minecraft:damage_dealt":100,"minecraft:leave_game":5,"minecraft:time_since_death":6450,"minecraft:total_world_time":18370,"minecraft:interact_with_crafting_table":2,"minecraft:fall_one_cm":2883,"minecraft:fly_one_cm":24737}},"DataVersion":3465}