{"stats":{"minecraft:custom":{"minecraft:jump":113,"minecraft:time_since_rest":519,"minecraft:deaths":1,"minecraft:damage_dealt":10,"minecraft:crouch_one_cm":29,"minecraft:play_time":12411,"minecraft:leave_game":4,"minecraft:sprint_one_cm":7038,"minecraft:damage_taken":315,"minecraft:time_since_death":491,"minecraft:walk_one_cm":13476,"minecraft:sneak_time":7,"minecraft:total_world_time":12411,"minecraft:fall_one_cm":2047,"minecraft:fly_one_cm":12979},"minecraft:killed_by":{"minecraft:spider":1}},"DataVersion":3465}