{"stats":{"minecraft:custom":{"minecraft:mob_kills":64,"minecraft:inspect_hopper":1,"minecraft:interact_with_crafting_table":69,"minecraft:leave_game":10,"minecraft:time_since_death":39256,"minecraft:sprint_one_cm":540979,"minecraft:walk_one_cm":1082575,"minecraft:damage_blocked_by_shield":380,"minecraft:drop":85,"minecraft:talked_to_villager":85,"minecraft:play_time":318010,"minecraft:deaths":4,"minecraft:sneak_time":4215,"minecraft:walk_under_water_one_cm":148660,"minecraft:jump":4138,"minecraft:walk_on_water_one_cm":56853,"minecraft:total_world_time":318010,"minecraft:interact_with_furnace":73,"minecraft:traded_with_villager":113,"minecraft:sleep_in_bed":13,"minecraft:time_since_rest":16451,"minecraft:damage_taken":2569,"minecraft:damage_dealt":6125,"minecraft:fly_one_cm":494710,"minecraft:swim_one_cm":7678,"minecraft:open_chest":42,"minecraft:crouch_one_cm":1701,"minecraft:fall_one_cm":53418},"minecraft:mined":{"minecraft:tuff":9,"minecraft:white_bed":7,"minecraft:mossy_cobblestone":48,"minecraft:deepslate_diamond_ore":2,"minecraft:cobblestone_stairs":4,"minecraft:spruce_trapdoor":4,"minecraft:granite":66,"minecraft:grass_block":25,"minecraft:spruce_leaves":21,"minecraft:hopper":3,"minecraft:furnace":6,"minecraft:cobbled_deepslate":28,"minecraft:iron_ore":87,"minecraft:snow":9,"minecraft:andesite":153,"minecraft:fletching_table":11,"minecraft:cobblestone_slab":5,"minecraft:stone":343,"minecraft:red_bed":3,"minecraft:powder_snow":30,"minecraft:crafting_table":7,"minecraft:torch":20,"minecraft:emerald_ore":4,"minecraft:chest":2,"minecraft:cobblestone":241,"minecraft:copper_ore":10,"minecraft:oak_planks":1,"minecraft:sugar_cane":18,"minecraft:diorite":55,"minecraft:wall_torch":20,"minecraft:birch_log":6,"minecraft:wheat":5,"minecraft:ice":1,"minecraft:birch_leaves":1,"minecraft:grass":15,"minecraft:oak_log":12,"minecraft:coal_ore":134,"minecraft:gravel":38,"minecraft:sand":8,"minecraft:dirt":108,"minecraft:gold_ore":3,"minecraft:oak_leaves":8,"minecraft:deepslate":133},"minecraft:used":{"minecraft:stone_sword":30,"minecraft:stone_shovel":117,"minecraft:poppy":2,"minecraft:oak_sign":3,"minecraft:chest":6,"minecraft:shield":8,"minecraft:iron_sword":226,"minecraft:cooked_chicken":1,"minecraft:rotten_flesh":20,"minecraft:torch":115,"minecraft:soul_sand":1,"minecraft:dirt":113,"minecraft:hopper":7,"minecraft:cobblestone_wall":2,"minecraft:tuff":4,"minecraft:snowball":7,"minecraft:wooden_axe":1,"minecraft:iron_block":8,"minecraft:iron_axe":46,"minecraft:birch_sapling":1,"minecraft:oak_sapling":33,"minecraft:furnace":7,"minecraft:gold_block":4,"minecraft:cooked_beef":1,"minecraft:cobbled_deepslate":60,"minecraft:wheat_seeds":5,"minecraft:cooked_mutton":16,"minecraft:water_bucket":73,"minecraft:cobblestone_stairs":4,"minecraft:stone_pickaxe":196,"minecraft:oak_planks":1,"minecraft:wooden_pickaxe":23,"minecraft:cobblestone_slab":5,"minecraft:fletching_table":15,"minecraft:sugar_cane":22,"minecraft:mossy_cobblestone":35,"minecraft:sand":6,"minecraft:crafting_table":11,"minecraft:red_bed":2,"minecraft:white_bed":8,"minecraft:apple":2,"minecraft:bread":1,"minecraft:iron_pickaxe":1223,"minecraft:netherite_axe":8,"minecraft:spruce_trapdoor":4,"minecraft:spruce_sapling":36,"minecraft:gravel":17,"minecraft:stone_axe":27,"minecraft:cobblestone":494,"minecraft:cooked_porkchop":3,"minecraft:cooked_rabbit":2,"minecraft:andesite":92,"minecraft:bucket":72,"minecraft:kelp":27,"minecraft:dandelion":1},"minecraft:picked_up":{"minecraft:wooden_axe":1,"minecraft:crafting_table":8,"minecraft:wheat":4,"minecraft:chicken":1,"minecraft:wooden_pickaxe":2,"minecraft:string":10,"minecraft:red_bed":2,"minecraft:raw_copper":42,"minecraft:cobbled_deepslate":150,"minecraft:spruce_planks":19,"minecraft:beef":1,"minecraft:cobblestone_slab":5,"minecraft:poppy":2,"minecraft:chest":2,"minecraft:sugar_cane":23,"minecraft:birch_sapling":1,"minecraft:spruce_trapdoor":4,"minecraft:furnace":6,"minecraft:stick":45,"minecraft:raw_iron":87,"minecraft:torch":54,"minecraft:spruce_stairs":5,"minecraft:spruce_fence":3,"minecraft:porkchop":7,"minecraft:diorite":66,"minecraft:arrow":4,"minecraft:rotten_flesh":16,"minecraft:mutton":16,"minecraft:snowball":120,"minecraft:white_wool":9,"minecraft:cobblestone":614,"minecraft:birch_log":25,"minecraft:feather":1,"minecraft:andesite":165,"minecraft:birch_planks":2,"minecraft:flint":12,"minecraft:tuff":9,"minecraft:oak_log":196,"minecraft:cobblestone_stairs":4,"minecraft:gunpowder":2,"minecraft:dirt":138,"minecraft:cooked_mutton":6,"minecraft:apple":2,"minecraft:kelp":559,"minecraft:wheat_seeds":20,"minecraft:raw_gold":3,"minecraft:rabbit_hide":1,"minecraft:rabbit":2,"minecraft:fletching_table":10,"minecraft:oak_planks":76,"minecraft:music_disc_13":1,"minecraft:dandelion":1,"minecraft:gravel":64,"minecraft:sand":8,"minecraft:spruce_sapling":36,"minecraft:white_bed":7,"minecraft:spruce_log":312,"minecraft:spider_eye":2,"minecraft:mossy_cobblestone":35,"minecraft:diamond":2,"minecraft:granite":66,"minecraft:emerald":4,"minecraft:oak_sapling":33,"minecraft:coal":211,"minecraft:hopper":6},"minecraft:killed_by":{"minecraft:spider":1},"minecraft:killed":{"minecraft:spider":3,"minecraft:skeleton":1,"minecraft:chicken":1,"minecraft:pig":3,"minecraft:rabbit":2,"minecraft:wandering_trader":1,"minecraft:sheep":9,"minecraft:zombie":38,"minecraft:stray":1,"minecraft:cow":1},"minecraft:dropped":{"minecraft:iron_ingot":17,"minecraft:birch_planks":1,"minecraft:porkchop":4,"minecraft:wheat_seeds":2,"minecraft:oak_log":6,"minecraft:feather":1,"minecraft:cobblestone":32,"minecraft:spruce_stairs":5,"minecraft:music_disc_13":1,"minecraft:diorite":6,"minecraft:wooden_axe":2,"minecraft:snowball":113,"minecraft:sand":2,"minecraft:iron_pickaxe":2,"minecraft:string":10,"minecraft:white_wool":6,"minecraft:gravel":28,"minecraft:stone_axe":1,"minecraft:cobblestone_wall":4,"minecraft:stone_sword":1,"minecraft:cobbled_deepslate":26,"minecraft:raw_copper":33,"minecraft:stone_shovel":1,"minecraft:rotten_flesh":4,"minecraft:spruce_fence":3,"minecraft:oak_button":80,"minecraft:gunpowder":2,"minecraft:andesite":6,"minecraft:spider_eye":2,"minecraft:arrow":2,"minecraft:wooden_pickaxe":3},"minecraft:crafted":{"minecraft:oak_planks":652,"minecraft:oak_sign":3,"minecraft:cobblestone_slab":6,"minecraft:stone_shovel":1,"minecraft:cooked_chicken":1,"minecraft:furnace":2,"minecraft:cobblestone_stairs":4,"minecraft:cooked_mutton":10,"minecraft:hopper":2,"minecraft:iron_axe":2,"minecraft:stone_pickaxe":2,"minecraft:cobblestone_wall":6,"minecraft:chest":10,"minecraft:oak_button":80,"minecraft:cooked_rabbit":2,"minecraft:cooked_beef":1,"minecraft:emerald":113,"minecraft:cooked_porkchop":3,"minecraft:crafting_table":4,"minecraft:spruce_planks":1220,"minecraft:wooden_pickaxe":1,"minecraft:iron_helmet":1,"minecraft:iron_sword":1,"minecraft:fletching_table":5,"minecraft:bucket":1,"minecraft:birch_planks":100,"minecraft:stone_axe":3,"minecraft:bread":1,"minecraft:spruce_trapdoor":4,"minecraft:iron_chestplate":1,"minecraft:shield":1,"minecraft:stick":3601,"minecraft:iron_ingot":87,"minecraft:iron_pickaxe":6,"minecraft:wooden_axe":1,"minecraft:stone_sword":1,"minecraft:iron_leggings":1,"minecraft:white_bed":1,"minecraft:torch":68},"minecraft:broken":{"minecraft:stone_pickaxe":1,"minecraft:iron_pickaxe":3}},"DataVersion":3465}