{"stats":{"minecraft:mined":{"minecraft:white_bed":7,"minecraft:red_bed":3,"minecraft:powder_snow":30,"minecraft:torch":9,"minecraft:crafting_table":5,"minecraft:emerald_ore":4,"minecraft:grass_block":17,"minecraft:copper_ore":4,"minecraft:cobblestone":27,"minecraft:spruce_leaves":21,"minecraft:sugar_cane":1,"minecraft:oak_planks":1,"minecraft:diorite":6,"minecraft:wall_torch":3,"minecraft:ice":1,"minecraft:snow":9,"minecraft:furnace":4,"minecraft:birch_log":6,"minecraft:iron_ore":53,"minecraft:birch_leaves":1,"minecraft:fletching_table":11,"minecraft:grass":12,"minecraft:coal_ore":85,"minecraft:oak_log":12,"minecraft:gravel":14,"minecraft:dirt":39,"minecraft:stone":168,"minecraft:oak_leaves":7},"minecraft:custom":{"minecraft:interact_with_furnace":44,"minecraft:mob_kills":23,"minecraft:traded_with_villager":102,"minecraft:interact_with_crafting_table":36,"minecraft:leave_game":9,"minecraft:time_since_death":125633,"minecraft:sleep_in_bed":10,"minecraft:time_since_rest":17492,"minecraft:sprint_one_cm":282846,"minecraft:damage_taken":915,"minecraft:walk_one_cm":501665,"minecraft:damage_blocked_by_shield":135,"minecraft:drop":35,"minecraft:damage_dealt":2650,"minecraft:swim_one_cm":18,"minecraft:talked_to_villager":72,"minecraft:fly_one_cm":261174,"minecraft:open_chest":5,"minecraft:crouch_one_cm":811,"minecraft:play_time":137553,"minecraft:deaths":1,"minecraft:sneak_time":1075,"minecraft:walk_under_water_one_cm":1502,"minecraft:jump":2043,"minecraft:walk_on_water_one_cm":3421,"minecraft:total_world_time":137553,"minecraft:fall_one_cm":28823},"minecraft:used":{"minecraft:cooked_mutton":10,"minecraft:water_bucket":14,"minecraft:stone_sword":30,"minecraft:stone_shovel":62,"minecraft:stone_pickaxe":131,"minecraft:oak_planks":1,"minecraft:poppy":2,"minecraft:shield":5,"minecraft:wooden_pickaxe":23,"minecraft:iron_sword":58,"minecraft:sugar_cane":3,"minecraft:fletching_table":15,"minecraft:torch":22,"minecraft:dirt":39,"minecraft:crafting_table":8,"minecraft:red_bed":2,"minecraft:white_bed":8,"minecraft:snowball":7,"minecraft:wooden_axe":1,"minecraft:apple":1,"minecraft:iron_axe":31,"minecraft:birch_sapling":1,"minecraft:iron_pickaxe":248,"minecraft:netherite_axe":8,"minecraft:spruce_sapling":31,"minecraft:gravel":9,"minecraft:stone_axe":23,"minecraft:cobblestone":116,"minecraft:furnace":4,"minecraft:oak_sapling":28,"minecraft:cooked_porkchop":3,"minecraft:bucket":15,"minecraft:cooked_beef":1,"minecraft:dandelion":1},"minecraft:picked_up":{"minecraft:wooden_axe":1,"minecraft:birch_log":25,"minecraft:crafting_table":5,"minecraft:chicken":1,"minecraft:andesite":4,"minecraft:wooden_pickaxe":2,"minecraft:flint":10,"minecraft:oak_log":137,"minecraft:gunpowder":2,"minecraft:string":2,"minecraft:dirt":68,"minecraft:red_bed":2,"minecraft:raw_copper":17,"minecraft:cooked_mutton":6,"minecraft:apple":2,"minecraft:wheat_seeds":1,"minecraft:spruce_planks":19,"minecraft:beef":1,"minecraft:poppy":2,"minecraft:fletching_table":10,"minecraft:sugar_cane":3,"minecraft:birch_sapling":1,"minecraft:oak_planks":57,"minecraft:furnace":4,"minecraft:stick":38,"minecraft:raw_iron":50,"minecraft:torch":15,"minecraft:dandelion":1,"minecraft:gravel":37,"minecraft:porkchop":7,"minecraft:spruce_sapling":31,"minecraft:diorite":6,"minecraft:white_bed":7,"minecraft:spruce_log":298,"minecraft:spider_eye":2,"minecraft:arrow":2,"minecraft:rotten_flesh":4,"minecraft:emerald":4,"minecraft:oak_sapling":28,"minecraft:mutton":16,"minecraft:coal":99,"minecraft:snowball":120,"minecraft:white_wool":9,"minecraft:cobblestone":197},"minecraft:killed_by":{"minecraft:spider":1},"minecraft:killed":{"minecraft:pig":3,"minecraft:spider":1,"minecraft:skeleton":1,"minecraft:sheep":9,"minecraft:zombie":4,"minecraft:stray":1,"minecraft:chicken":1,"minecraft:cow":1},"minecraft:dropped":{"minecraft:gravel":28,"minecraft:iron_ingot":17,"minecraft:stone_axe":1,"minecraft:porkchop":4,"minecraft:wheat_seeds":1,"minecraft:oak_log":6,"minecraft:stone_sword":1,"minecraft:rotten_flesh":4,"minecraft:cobblestone":1,"minecraft:gunpowder":2,"minecraft:oak_button":56,"minecraft:diorite":1,"minecraft:wooden_axe":2,"minecraft:andesite":4,"minecraft:snowball":113,"minecraft:spider_eye":1,"minecraft:arrow":2,"minecraft:wooden_pickaxe":2,"minecraft:white_wool":6},"minecraft:crafted":{"minecraft:cooked_beef":1,"minecraft:oak_planks":472,"minecraft:stone_shovel":1,"minecraft:emerald":102,"minecraft:cooked_porkchop":3,"minecraft:crafting_table":4,"minecraft:spruce_planks":1164,"minecraft:wooden_pickaxe":1,"minecraft:iron_helmet":1,"minecraft:iron_sword":1,"minecraft:furnace":1,"minecraft:fletching_table":5,"minecraft:bucket":1,"minecraft:birch_planks":100,"minecraft:stone_axe":3,"minecraft:cooked_mutton":10,"minecraft:iron_chestplate":1,"minecraft:shield":1,"minecraft:iron_axe":1,"minecraft:stick":3233,"minecraft:iron_ingot":49,"minecraft:iron_pickaxe":1,"minecraft:stone_pickaxe":1,"minecraft:wooden_axe":1,"minecraft:stone_sword":1,"minecraft:iron_leggings":1,"minecraft:oak_button":56,"minecraft:white_bed":1,"minecraft:torch":24},"minecraft:broken":{"minecraft:stone_pickaxe":1}},"DataVersion":3465}