{"stats":{"minecraft:mined":{"minecraft:white_bed":1,"minecraft:crafting_table":2,"minecraft:torch":8,"minecraft:emerald_ore":4,"minecraft:oak_planks":1,"minecraft:furnace":2,"minecraft:iron_ore":52,"minecraft:grass":9,"minecraft:oak_log":6,"minecraft:coal_ore":85,"minecraft:gravel":5,"minecraft:stone":50,"minecraft:oak_leaves":4},"minecraft:custom":{"minecraft:interact_with_furnace":38,"minecraft:mob_kills":10,"minecraft:interact_with_crafting_table":22,"minecraft:leave_game":7,"minecraft:time_since_death":30682,"minecraft:sleep_in_bed":2,"minecraft:time_since_rest":5628,"minecraft:sprint_one_cm":61476,"minecraft:damage_taken":420,"minecraft:walk_one_cm":127152,"minecraft:drop":9,"minecraft:damage_dealt":968,"minecraft:fly_one_cm":50575,"minecraft:crouch_one_cm":493,"minecraft:play_time":42602,"minecraft:deaths":1,"minecraft:sneak_time":581,"minecraft:jump":632,"minecraft:total_world_time":42602,"minecraft:fall_one_cm":9550},"minecraft:used":{"minecraft:cooked_mutton":2,"minecraft:stone_sword":30,"minecraft:stone_pickaxe":131,"minecraft:oak_planks":1,"minecraft:wooden_pickaxe":23,"minecraft:torch":10,"minecraft:crafting_table":3,"minecraft:white_bed":2,"minecraft:wooden_axe":1,"minecraft:iron_pickaxe":49,"minecraft:netherite_axe":8,"minecraft:gravel":2,"minecraft:stone_axe":3,"minecraft:cobblestone":18,"minecraft:furnace":3,"minecraft:oak_sapling":14,"minecraft:cooked_beef":1},"minecraft:picked_up":{"minecraft:wooden_axe":1,"minecraft:crafting_table":2,"minecraft:wooden_pickaxe":1,"minecraft:oak_log":38,"minecraft:gunpowder":1,"minecraft:wheat_seeds":1,"minecraft:beef":1,"minecraft:oak_planks":18,"minecraft:furnace":2,"minecraft:stick":11,"minecraft:raw_iron":49,"minecraft:torch":9,"minecraft:gravel":23,"minecraft:porkchop":7,"minecraft:white_bed":1,"minecraft:rotten_flesh":2,"minecraft:emerald":4,"minecraft:oak_sapling":14,"minecraft:mutton":6,"minecraft:coal":85,"minecraft:white_wool":4,"minecraft:cobblestone":55},"minecraft:killed_by":{"minecraft:spider":1},"minecraft:killed":{"minecraft:pig":3,"minecraft:sheep":4,"minecraft:zombie":1,"minecraft:cow":1},"minecraft:dropped":{"minecraft:gravel":21,"minecraft:stone_axe":1,"minecraft:wheat_seeds":1,"minecraft:stone_sword":1,"minecraft:wooden_axe":2,"minecraft:wooden_pickaxe":2,"minecraft:white_wool":1},"minecraft:crafted":{"minecraft:cooked_beef":1,"minecraft:oak_planks":100,"minecraft:cooked_porkchop":3,"minecraft:crafting_table":1,"minecraft:wooden_pickaxe":1,"minecraft:iron_helmet":1,"minecraft:iron_sword":1,"minecraft:furnace":1,"minecraft:stone_axe":1,"minecraft:cooked_mutton":6,"minecraft:iron_chestplate":1,"minecraft:shield":1,"minecraft:iron_axe":1,"minecraft:stick":12,"minecraft:iron_ingot":43,"minecraft:iron_pickaxe":1,"minecraft:stone_pickaxe":1,"minecraft:wooden_axe":1,"minecraft:stone_sword":1,"minecraft:iron_leggings":1,"minecraft:white_bed":1,"minecraft:torch":24},"minecraft:broken":{"minecraft:stone_pickaxe":1}},"DataVersion":3465}