{"stats":{"minecraft:picked_up":{"minecraft:wooden_axe":1,"minecraft:stick":11,"minecraft:crafting_table":2,"minecraft:wooden_pickaxe":1,"minecraft:porkchop":3,"minecraft:oak_log":38,"minecraft:white_bed":1,"minecraft:beef":1,"minecraft:oak_sapling":14,"minecraft:mutton":6,"minecraft:oak_planks":18,"minecraft:white_wool":4,"minecraft:cobblestone":23,"minecraft:furnace":2},"minecraft:killed":{"minecraft:sheep":4,"minecraft:pig":1,"minecraft:cow":1},"minecraft:crafted":{"minecraft:cooked_beef":1,"minecraft:oak_planks":100,"minecraft:cooked_porkchop":3,"minecraft:crafting_table":1,"minecraft:stick":12,"minecraft:wooden_pickaxe":1,"minecraft:stone_pickaxe":1,"minecraft:wooden_axe":1,"minecraft:stone_sword":1,"minecraft:furnace":1,"minecraft:white_bed":1,"minecraft:stone_axe":1,"minecraft:cooked_mutton":6},"minecraft:mined":{"minecraft:white_bed":1,"minecraft:furnace":2,"minecraft:crafting_table":2,"minecraft:grass":5,"minecraft:oak_log":6,"minecraft:stone":23,"minecraft:oak_planks":1,"minecraft:oak_leaves":4},"minecraft:dropped":{"minecraft:wooden_axe":2,"minecraft:wooden_pickaxe":2},"minecraft:killed_by":{"minecraft:spider":1},"minecraft:used":{"minecraft:wooden_axe":1,"minecraft:stone_sword":13,"minecraft:stone_pickaxe":2,"minecraft:oak_planks":1,"minecraft:netherite_axe":8,"minecraft:wooden_pickaxe":23,"minecraft:stone_axe":2,"minecraft:crafting_table":2,"minecraft:oak_sapling":14,"minecraft:furnace":2,"minecraft:white_bed":1,"minecraft:cooked_beef":1},"minecraft:custom":{"minecraft:time_since_rest":2002,"minecraft:sprint_one_cm":35181,"minecraft:interact_with_furnace":9,"minecraft:damage_taken":315,"minecraft:walk_one_cm":66707,"minecraft:mob_kills":6,"minecraft:drop":4,"minecraft:damage_dealt":520,"minecraft:interact_with_crafting_table":10,"minecraft:fly_one_cm":34508,"minecraft:crouch_one_cm":182,"minecraft:play_time":26807,"minecraft:deaths":1,"minecraft:sneak_time":82,"minecraft:jump":346,"minecraft:leave_game":6,"minecraft:time_since_death":14887,"minecraft:sleep_in_bed":1,"minecraft:total_world_time":26807,"minecraft:fall_one_cm":4555}},"DataVersion":3465}