{"stats":{"minecraft:mined":{"minecraft:white_bed":3,"minecraft:powder_snow":30,"minecraft:crafting_table":4,"minecraft:torch":9,"minecraft:emerald_ore":4,"minecraft:oak_planks":1,"minecraft:wall_torch":2,"minecraft:furnace":3,"minecraft:birch_log":6,"minecraft:iron_ore":53,"minecraft:grass":9,"minecraft:coal_ore":85,"minecraft:oak_log":12,"minecraft:gravel":5,"minecraft:stone":53,"minecraft:oak_leaves":5},"minecraft:custom":{"minecraft:interact_with_furnace":40,"minecraft:mob_kills":16,"minecraft:interact_with_crafting_table":24,"minecraft:leave_game":8,"minecraft:time_since_death":40693,"minecraft:sleep_in_bed":2,"minecraft:time_since_rest":15639,"minecraft:sprint_one_cm":94302,"minecraft:damage_taken":590,"minecraft:walk_one_cm":162002,"minecraft:drop":13,"minecraft:damage_dealt":1408,"minecraft:fly_one_cm":69309,"minecraft:crouch_one_cm":572,"minecraft:play_time":52613,"minecraft:deaths":1,"minecraft:sneak_time":667,"minecraft:jump":824,"minecraft:walk_on_water_one_cm":37,"minecraft:total_world_time":52613,"minecraft:fall_one_cm":15342},"minecraft:used":{"minecraft:cooked_mutton":5,"minecraft:stone_sword":30,"minecraft:stone_pickaxe":131,"minecraft:oak_planks":1,"minecraft:wooden_pickaxe":23,"minecraft:iron_sword":10,"minecraft:torch":12,"minecraft:crafting_table":4,"minecraft:white_bed":3,"minecraft:wooden_axe":1,"minecraft:iron_axe":16,"minecraft:iron_pickaxe":85,"minecraft:netherite_axe":8,"minecraft:gravel":2,"minecraft:stone_axe":3,"minecraft:cobblestone":37,"minecraft:furnace":3,"minecraft:oak_sapling":14,"minecraft:bucket":1,"minecraft:cooked_beef":1},"minecraft:picked_up":{"minecraft:wooden_axe":1,"minecraft:crafting_table":4,"minecraft:chicken":1,"minecraft:wooden_pickaxe":2,"minecraft:oak_log":44,"minecraft:gunpowder":1,"minecraft:wheat_seeds":1,"minecraft:beef":1,"minecraft:oak_planks":18,"minecraft:furnace":3,"minecraft:stick":11,"minecraft:raw_iron":50,"minecraft:torch":12,"minecraft:gravel":23,"minecraft:porkchop":7,"minecraft:white_bed":3,"minecraft:rotten_flesh":2,"minecraft:emerald":4,"minecraft:oak_sapling":14,"minecraft:mutton":16,"minecraft:coal":93,"minecraft:white_wool":9,"minecraft:cobblestone":58},"minecraft:killed_by":{"minecraft:spider":1},"minecraft:killed":{"minecraft:pig":3,"minecraft:sheep":9,"minecraft:zombie":1,"minecraft:chicken":1,"minecraft:cow":1},"minecraft:dropped":{"minecraft:gravel":21,"minecraft:iron_ingot":17,"minecraft:stone_axe":1,"minecraft:porkchop":4,"minecraft:wheat_seeds":1,"minecraft:oak_log":6,"minecraft:stone_sword":1,"minecraft:wooden_axe":2,"minecraft:wooden_pickaxe":2,"minecraft:white_wool":6},"minecraft:crafted":{"minecraft:cooked_beef":1,"minecraft:oak_planks":100,"minecraft:cooked_porkchop":3,"minecraft:crafting_table":1,"minecraft:wooden_pickaxe":1,"minecraft:iron_helmet":1,"minecraft:iron_sword":1,"minecraft:furnace":1,"minecraft:bucket":1,"minecraft:stone_axe":1,"minecraft:cooked_mutton":6,"minecraft:iron_chestplate":1,"minecraft:shield":1,"minecraft:iron_axe":1,"minecraft:stick":12,"minecraft:iron_ingot":49,"minecraft:iron_pickaxe":1,"minecraft:stone_pickaxe":1,"minecraft:wooden_axe":1,"minecraft:stone_sword":1,"minecraft:iron_leggings":1,"minecraft:white_bed":1,"minecraft:torch":24},"minecraft:broken":{"minecraft:stone_pickaxe":1}},"DataVersion":3465}