{"stats":{"minecraft:mined":{"minecraft:white_bed":1,"minecraft:furnace":2,"minecraft:iron_ore":41,"minecraft:crafting_table":2,"minecraft:torch":1,"minecraft:grass":9,"minecraft:coal_ore":25,"minecraft:oak_log":6,"minecraft:stone":26,"minecraft:oak_planks":1,"minecraft:oak_leaves":4},"minecraft:custom":{"minecraft:time_since_rest":8002,"minecraft:interact_with_furnace":9,"minecraft:sprint_one_cm":49039,"minecraft:damage_taken":400,"minecraft:walk_one_cm":92662,"minecraft:mob_kills":10,"minecraft:drop":4,"minecraft:damage_dealt":968,"minecraft:interact_with_crafting_table":10,"minecraft:fly_one_cm":45568,"minecraft:crouch_one_cm":218,"minecraft:play_time":32807,"minecraft:deaths":1,"minecraft:sneak_time":435,"minecraft:jump":517,"minecraft:leave_game":6,"minecraft:time_since_death":20887,"minecraft:sleep_in_bed":1,"minecraft:total_world_time":32807,"minecraft:fall_one_cm":7444},"minecraft:used":{"minecraft:cooked_mutton":1,"minecraft:wooden_axe":1,"minecraft:stone_sword":30,"minecraft:stone_pickaxe":71,"minecraft:oak_planks":1,"minecraft:netherite_axe":8,"minecraft:wooden_pickaxe":23,"minecraft:stone_axe":2,"minecraft:torch":3,"minecraft:cobblestone":9,"minecraft:crafting_table":2,"minecraft:oak_sapling":14,"minecraft:furnace":2,"minecraft:white_bed":1,"minecraft:cooked_beef":1},"minecraft:picked_up":{"minecraft:wooden_axe":1,"minecraft:raw_iron":41,"minecraft:stick":11,"minecraft:crafting_table":2,"minecraft:torch":1,"minecraft:wooden_pickaxe":1,"minecraft:porkchop":7,"minecraft:oak_log":38,"minecraft:white_bed":1,"minecraft:gunpowder":1,"minecraft:rotten_flesh":2,"minecraft:wheat_seeds":1,"minecraft:beef":1,"minecraft:oak_sapling":14,"minecraft:coal":25,"minecraft:mutton":6,"minecraft:oak_planks":18,"minecraft:white_wool":4,"minecraft:cobblestone":31,"minecraft:furnace":2},"minecraft:killed_by":{"minecraft:spider":1},"minecraft:killed":{"minecraft:sheep":4,"minecraft:zombie":1,"minecraft:pig":3,"minecraft:cow":1},"minecraft:dropped":{"minecraft:wooden_axe":2,"minecraft:wooden_pickaxe":2},"minecraft:crafted":{"minecraft:cooked_beef":1,"minecraft:oak_planks":100,"minecraft:cooked_porkchop":3,"minecraft:crafting_table":1,"minecraft:stick":12,"minecraft:wooden_pickaxe":1,"minecraft:stone_pickaxe":1,"minecraft:wooden_axe":1,"minecraft:stone_sword":1,"minecraft:furnace":1,"minecraft:white_bed":1,"minecraft:torch":24,"minecraft:stone_axe":1,"minecraft:cooked_mutton":6}},"DataVersion":3465}