{"stats":{"minecraft:mined":{"minecraft:white_bed":1,"minecraft:stone":8,"minecraft:birch_leaves":2,"minecraft:crafting_table":1},"minecraft:custom":{"minecraft:time_since_rest":6772,"minecraft:play_time":6772,"minecraft:sprint_one_cm":20973,"minecraft:damage_taken":30,"minecraft:walk_one_cm":7733,"minecraft:drop":1,"minecraft:jump":80,"minecraft:leave_game":1,"minecraft:time_since_death":6772,"minecraft:total_world_time":6772,"minecraft:fall_one_cm":3257,"minecraft:interact_with_crafting_table":4,"minecraft:fly_one_cm":14195},"minecraft:used":{"minecraft:crafting_table":2,"minecraft:stone_pickaxe":1,"minecraft:white_bed":1,"minecraft:wooden_pickaxe":7},"minecraft:picked_up":{"minecraft:birch_log":6,"minecraft:crafting_table":1,"minecraft:white_bed":1,"minecraft:white_wool":5,"minecraft:cobblestone":8},"minecraft:dropped":{"minecraft:wooden_pickaxe":1},"minecraft:crafted":{"minecraft:stone_sword":1,"minecraft:white_bed":1,"minecraft:birch_planks":24,"minecraft:stone_axe":1,"minecraft:crafting_table":1,"minecraft:stick":8,"minecraft:stone_pickaxe":1,"minecraft:wooden_pickaxe":1}},"DataVersion":3465}