{"stats":{"minecraft:mined":{"minecraft:white_bed":1,"minecraft:red_bed":1,"minecraft:snow":1,"minecraft:birch_leaves":3,"minecraft:crafting_table":3,"minecraft:coal_ore":20,"minecraft:oak_log":6,"minecraft:gravel":55,"minecraft:stone":12,"minecraft:oak_leaves":27},"minecraft:custom":{"minecraft:time_since_rest":6781,"minecraft:interact_with_furnace":2,"minecraft:sprint_one_cm":54974,"minecraft:damage_taken":96,"minecraft:walk_one_cm":35990,"minecraft:drop":2,"minecraft:swim_one_cm":5708,"minecraft:interact_with_crafting_table":5,"minecraft:fly_one_cm":60204,"minecraft:open_chest":7,"minecraft:crouch_one_cm":374,"minecraft:play_time":18772,"minecraft:sneak_time":257,"minecraft:walk_under_water_one_cm":1802,"minecraft:jump":354,"minecraft:walk_on_water_one_cm":4113,"minecraft:leave_game":1,"minecraft:time_since_death":18772,"minecraft:sleep_in_bed":1,"minecraft:total_world_time":18772,"minecraft:fall_one_cm":7356},"minecraft:used":{"minecraft:stone_sword":28,"minecraft:birch_planks":10,"minecraft:stone_shovel":8,"minecraft:bread":4,"minecraft:stone_pickaxe":25,"minecraft:wooden_pickaxe":7,"minecraft:gravel":51,"minecraft:stone_axe":8,"minecraft:cobblestone":1,"minecraft:crafting_table":3,"minecraft:red_bed":1,"minecraft:white_bed":1,"minecraft:potato":2},"minecraft:picked_up":{"minecraft:birch_log":6,"minecraft:stick":1,"minecraft:crafting_table":3,"minecraft:gravel":52,"minecraft:flint":3,"minecraft:oak_log":6,"minecraft:white_bed":1,"minecraft:red_bed":1,"minecraft:iron_ingot":17,"minecraft:oak_sapling":2,"minecraft:coal":20,"minecraft:snowball":1,"minecraft:white_wool":5,"minecraft:cobblestone":12},"minecraft:dropped":{"minecraft:iron_ingot":17,"minecraft:wooden_pickaxe":1},"minecraft:crafted":{"minecraft:stone_shovel":1,"minecraft:crafting_table":1,"minecraft:stick":8,"minecraft:wooden_pickaxe":1,"minecraft:stone_pickaxe":1,"minecraft:stone_sword":1,"minecraft:white_bed":1,"minecraft:birch_planks":24,"minecraft:stone_axe":1}},"DataVersion":3465}