{"stats":{"minecraft:mined":{"minecraft:white_bed":1,"minecraft:red_bed":1,"minecraft:crafting_table":6,"minecraft:grass_block":5,"minecraft:spruce_leaves":19,"minecraft:spruce_sapling":1,"minecraft:birch_log":19,"minecraft:iron_ore":1,"minecraft:snow":1,"minecraft:spruce_log":337,"minecraft:birch_leaves":3,"minecraft:stripped_spruce_log":1,"minecraft:grass":3,"minecraft:coal_ore":20,"minecraft:oak_log":58,"minecraft:gravel":166,"minecraft:sand":4,"minecraft:dirt":18,"minecraft:stone":24,"minecraft:oak_leaves":27,"minecraft:fern":2},"minecraft:custom":{"minecraft:interact_with_furnace":2,"minecraft:mob_kills":3,"minecraft:traded_with_villager":73,"minecraft:interact_with_crafting_table":12,"minecraft:leave_game":3,"minecraft:time_since_death":69200,"minecraft:sleep_in_bed":5,"minecraft:time_since_rest":13232,"minecraft:sprint_one_cm":173984,"minecraft:damage_taken":526,"minecraft:walk_one_cm":92132,"minecraft:damage_blocked_by_shield":60,"minecraft:drop":13,"minecraft:damage_dealt":666,"minecraft:talked_to_villager":29,"minecraft:swim_one_cm":14200,"minecraft:fly_one_cm":231380,"minecraft:open_chest":9,"minecraft:crouch_one_cm":11421,"minecraft:play_time":69200,"minecraft:sneak_time":3621,"minecraft:walk_under_water_one_cm":8255,"minecraft:jump":1256,"minecraft:interact_with_blast_furnace":1,"minecraft:walk_on_water_one_cm":19575,"minecraft:total_world_time":69200,"minecraft:fall_one_cm":30720},"minecraft:used":{"minecraft:stone_sword":71,"minecraft:birch_planks":10,"minecraft:stone_shovel":114,"minecraft:stone_pickaxe":46,"minecraft:wooden_pickaxe":7,"minecraft:shield":2,"minecraft:fletching_table":1,"minecraft:dirt":37,"minecraft:sand":2,"minecraft:crafting_table":6,"minecraft:red_bed":1,"minecraft:white_bed":2,"minecraft:bread":12,"minecraft:spruce_sapling":8,"minecraft:gravel":60,"minecraft:stone_axe":439,"minecraft:cobblestone":2,"minecraft:potato":33},"minecraft:picked_up":{"minecraft:birch_log":25,"minecraft:crafting_table":6,"minecraft:flint":35,"minecraft:oak_log":58,"minecraft:gunpowder":1,"minecraft:dirt":37,"minecraft:red_bed":1,"minecraft:bone":2,"minecraft:wheat_seeds":1,"minecraft:iron_ingot":17,"minecraft:fletching_table":1,"minecraft:tipped_arrow":2,"minecraft:stick":17,"minecraft:raw_iron":1,"minecraft:gravel":148,"minecraft:sand":2,"minecraft:stripped_spruce_log":1,"minecraft:spruce_sapling":8,"minecraft:white_bed":1,"minecraft:spruce_log":358,"minecraft:arrow":6,"minecraft:rotten_flesh":3,"minecraft:stone_axe":1,"minecraft:emerald":1,"minecraft:oak_sapling":2,"minecraft:coal":20,"minecraft:snowball":58,"minecraft:white_wool":5,"minecraft:cobblestone":24},"minecraft:killed":{"minecraft:skeleton":1,"minecraft:zombie":1,"minecraft:stray":1},"minecraft:dropped":{"minecraft:iron_ingot":17,"minecraft:stone_axe":1,"minecraft:flint":25,"minecraft:tipped_arrow":1,"minecraft:arrow":2,"minecraft:wooden_pickaxe":1},"minecraft:crafted":{"minecraft:oak_planks":48,"minecraft:stone_shovel":1,"minecraft:emerald":68,"minecraft:crafting_table":1,"minecraft:spruce_planks":1436,"minecraft:spruce_button":1,"minecraft:wooden_pickaxe":1,"minecraft:birch_planks":36,"minecraft:stone_axe":4,"minecraft:iron_chestplate":1,"minecraft:shield":1,"minecraft:stick":2972,"minecraft:flint":30,"minecraft:iron_ingot":1,"minecraft:stone_pickaxe":1,"minecraft:stone_sword":1,"minecraft:iron_leggings":1,"minecraft:oak_button":1,"minecraft:white_bed":1},"minecraft:broken":{"minecraft:stone_axe":2}},"DataVersion":3465}