{"stats":{"minecraft:mined":{"minecraft:white_bed":1,"minecraft:red_bed":1,"minecraft:snow":1,"minecraft:spruce_log":103,"minecraft:birch_leaves":3,"minecraft:crafting_table":3,"minecraft:grass_block":2,"minecraft:coal_ore":20,"minecraft:oak_log":6,"minecraft:dirt":2,"minecraft:sand":4,"minecraft:gravel":109,"minecraft:spruce_leaves":5,"minecraft:stone":12,"minecraft:oak_leaves":27,"minecraft:fern":2},"minecraft:custom":{"minecraft:time_since_rest":5749,"minecraft:interact_with_furnace":2,"minecraft:sprint_one_cm":86423,"minecraft:damage_taken":116,"minecraft:walk_one_cm":45807,"minecraft:drop":5,"minecraft:traded_with_villager":19,"minecraft:talked_to_villager":14,"minecraft:swim_one_cm":5708,"minecraft:interact_with_crafting_table":5,"minecraft:fly_one_cm":106614,"minecraft:open_chest":9,"minecraft:crouch_one_cm":2523,"minecraft:play_time":30772,"minecraft:sneak_time":834,"minecraft:walk_under_water_one_cm":1802,"minecraft:jump":541,"minecraft:walk_on_water_one_cm":5915,"minecraft:leave_game":1,"minecraft:time_since_death":30772,"minecraft:sleep_in_bed":2,"minecraft:total_world_time":30772,"minecraft:fall_one_cm":12672},"minecraft:used":{"minecraft:stone_sword":28,"minecraft:birch_planks":10,"minecraft:stone_shovel":57,"minecraft:bread":6,"minecraft:stone_pickaxe":25,"minecraft:wooden_pickaxe":7,"minecraft:gravel":56,"minecraft:stone_axe":118,"minecraft:dirt":3,"minecraft:sand":2,"minecraft:cobblestone":1,"minecraft:crafting_table":3,"minecraft:red_bed":1,"minecraft:white_bed":2,"minecraft:potato":2},"minecraft:picked_up":{"minecraft:birch_log":6,"minecraft:stick":1,"minecraft:crafting_table":3,"minecraft:gravel":98,"minecraft:sand":2,"minecraft:flint":10,"minecraft:oak_log":6,"minecraft:white_bed":1,"minecraft:spruce_log":103,"minecraft:dirt":3,"minecraft:red_bed":1,"minecraft:iron_ingot":17,"minecraft:oak_sapling":2,"minecraft:coal":20,"minecraft:snowball":1,"minecraft:white_wool":5,"minecraft:cobblestone":12},"minecraft:dropped":{"minecraft:iron_ingot":17,"minecraft:wooden_pickaxe":1,"minecraft:flint":6},"minecraft:crafted":{"minecraft:oak_planks":24,"minecraft:stone_shovel":1,"minecraft:iron_chestplate":1,"minecraft:emerald":17,"minecraft:crafting_table":1,"minecraft:spruce_planks":412,"minecraft:stick":872,"minecraft:wooden_pickaxe":1,"minecraft:stone_pickaxe":1,"minecraft:stone_sword":1,"minecraft:iron_leggings":1,"minecraft:white_bed":1,"minecraft:birch_planks":24,"minecraft:stone_axe":1}},"DataVersion":3465}