{"stats":{"minecraft:mined":{"minecraft:spruce_planks":40,"minecraft:white_bed":3,"minecraft:glass_pane":9,"minecraft:red_bed":2,"minecraft:snow_block":12,"minecraft:crafting_table":6,"minecraft:torch":1,"minecraft:grass_block":6,"minecraft:spruce_leaves":19,"minecraft:blue_bed":1,"minecraft:spruce_stairs":5,"minecraft:spruce_sapling":1,"minecraft:birch_log":19,"minecraft:iron_ore":1,"minecraft:snow":6,"minecraft:spruce_log":337,"minecraft:birch_leaves":3,"minecraft:stripped_spruce_log":1,"minecraft:grass":3,"minecraft:coal_ore":20,"minecraft:oak_log":58,"minecraft:gravel":166,"minecraft:sand":4,"minecraft:dirt":18,"minecraft:stone":24,"minecraft:spruce_slab":21,"minecraft:oak_leaves":27,"minecraft:fern":2},"minecraft:custom":{"minecraft:interact_with_furnace":2,"minecraft:mob_kills":3,"minecraft:traded_with_villager":95,"minecraft:interact_with_crafting_table":13,"minecraft:leave_game":3,"minecraft:time_since_death":81200,"minecraft:sleep_in_bed":7,"minecraft:time_since_rest":5693,"minecraft:sprint_one_cm":199649,"minecraft:damage_taken":596,"minecraft:walk_one_cm":109645,"minecraft:damage_blocked_by_shield":60,"minecraft:drop":16,"minecraft:damage_dealt":666,"minecraft:talked_to_villager":41,"minecraft:swim_one_cm":14200,"minecraft:fly_one_cm":254883,"minecraft:open_chest":10,"minecraft:crouch_one_cm":12638,"minecraft:play_time":81200,"minecraft:sneak_time":3991,"minecraft:walk_under_water_one_cm":8255,"minecraft:jump":1446,"minecraft:interact_with_blast_furnace":1,"minecraft:walk_on_water_one_cm":19858,"minecraft:total_world_time":81200,"minecraft:fall_one_cm":34266},"minecraft:used":{"minecraft:stone_sword":78,"minecraft:birch_planks":10,"minecraft:stone_shovel":132,"minecraft:stone_pickaxe":46,"minecraft:wooden_pickaxe":7,"minecraft:shield":2,"minecraft:fletching_table":1,"minecraft:rotten_flesh":2,"minecraft:dirt":38,"minecraft:sand":2,"minecraft:crafting_table":7,"minecraft:red_bed":1,"minecraft:white_bed":3,"minecraft:snowball":107,"minecraft:bread":12,"minecraft:spruce_sapling":8,"minecraft:gravel":68,"minecraft:stone_axe":514,"minecraft:cobblestone":2,"minecraft:potato":34},"minecraft:picked_up":{"minecraft:birch_log":25,"minecraft:crafting_table":6,"minecraft:flint":35,"minecraft:stripped_spruce_wood":110,"minecraft:oak_log":58,"minecraft:gunpowder":1,"minecraft:blue_bed":1,"minecraft:dirt":38,"minecraft:red_bed":2,"minecraft:lantern":4,"minecraft:bone":2,"minecraft:wheat_seeds":1,"minecraft:spruce_planks":38,"minecraft:iron_ingot":17,"minecraft:fletching_table":1,"minecraft:spruce_slab":21,"minecraft:tipped_arrow":2,"minecraft:stick":17,"minecraft:raw_iron":1,"minecraft:spruce_fence":2,"minecraft:torch":6,"minecraft:spruce_stairs":5,"minecraft:gravel":148,"minecraft:sand":2,"minecraft:stripped_spruce_log":1,"minecraft:spruce_sapling":8,"minecraft:white_bed":3,"minecraft:spruce_log":358,"minecraft:spruce_door":2,"minecraft:arrow":6,"minecraft:rotten_flesh":3,"minecraft:stone_axe":1,"minecraft:emerald":1,"minecraft:oak_sapling":2,"minecraft:coal":20,"minecraft:snowball":108,"minecraft:white_wool":5,"minecraft:cobblestone":24},"minecraft:killed":{"minecraft:skeleton":1,"minecraft:zombie":1,"minecraft:stray":1},"minecraft:dropped":{"minecraft:iron_ingot":17,"minecraft:stone_axe":1,"minecraft:spruce_button":1,"minecraft:flint":25,"minecraft:tipped_arrow":1,"minecraft:oak_button":1,"minecraft:arrow":2,"minecraft:wooden_pickaxe":1,"minecraft:bone":2},"minecraft:crafted":{"minecraft:oak_planks":232,"minecraft:stone_shovel":1,"minecraft:emerald":84,"minecraft:crafting_table":1,"minecraft:spruce_planks":1436,"minecraft:spruce_button":1,"minecraft:wooden_pickaxe":1,"minecraft:birch_planks":36,"minecraft:stone_axe":5,"minecraft:bow":1,"minecraft:iron_chestplate":1,"minecraft:shield":1,"minecraft:stick":3352,"minecraft:flint":80,"minecraft:iron_ingot":1,"minecraft:stone_pickaxe":1,"minecraft:stone_sword":1,"minecraft:iron_leggings":1,"minecraft:oak_button":1,"minecraft:white_bed":1},"minecraft:broken":{"minecraft:stone_axe":2,"minecraft:stone_shovel":1}},"DataVersion":3465}