{"stats":{"minecraft:mined":{"minecraft:white_bed":1,"minecraft:red_bed":1,"minecraft:crafting_table":5,"minecraft:grass_block":3,"minecraft:spruce_leaves":19,"minecraft:spruce_sapling":1,"minecraft:iron_ore":1,"minecraft:snow":1,"minecraft:spruce_log":337,"minecraft:birch_leaves":3,"minecraft:stripped_spruce_log":1,"minecraft:grass":1,"minecraft:coal_ore":20,"minecraft:oak_log":12,"minecraft:dirt":10,"minecraft:gravel":109,"minecraft:sand":4,"minecraft:stone":18,"minecraft:oak_leaves":27,"minecraft:fern":2},"minecraft:custom":{"minecraft:interact_with_furnace":2,"minecraft:mob_kills":2,"minecraft:traded_with_villager":64,"minecraft:interact_with_crafting_table":8,"minecraft:time_since_death":57123,"minecraft:leave_game":2,"minecraft:sleep_in_bed":5,"minecraft:time_since_rest":1155,"minecraft:sprint_one_cm":150524,"minecraft:damage_taken":345,"minecraft:walk_one_cm":82165,"minecraft:drop":12,"minecraft:damage_dealt":506,"minecraft:talked_to_villager":25,"minecraft:swim_one_cm":5708,"minecraft:fly_one_cm":195387,"minecraft:open_chest":9,"minecraft:crouch_one_cm":9368,"minecraft:play_time":57123,"minecraft:sneak_time":2872,"minecraft:walk_under_water_one_cm":1802,"minecraft:jump":1030,"minecraft:interact_with_blast_furnace":1,"minecraft:walk_on_water_one_cm":7559,"minecraft:total_world_time":57123,"minecraft:fall_one_cm":25871},"minecraft:used":{"minecraft:stone_sword":62,"minecraft:birch_planks":10,"minecraft:stone_shovel":57,"minecraft:stone_pickaxe":40,"minecraft:wooden_pickaxe":7,"minecraft:fletching_table":1,"minecraft:dirt":27,"minecraft:sand":2,"minecraft:crafting_table":5,"minecraft:red_bed":1,"minecraft:white_bed":2,"minecraft:bread":12,"minecraft:spruce_sapling":8,"minecraft:gravel":60,"minecraft:stone_axe":374,"minecraft:cobblestone":1,"minecraft:potato":2},"minecraft:picked_up":{"minecraft:birch_log":6,"minecraft:crafting_table":5,"minecraft:flint":10,"minecraft:oak_log":12,"minecraft:dirt":27,"minecraft:red_bed":1,"minecraft:bone":2,"minecraft:wheat_seeds":1,"minecraft:iron_ingot":17,"minecraft:fletching_table":1,"minecraft:tipped_arrow":2,"minecraft:raw_iron":1,"minecraft:stick":9,"minecraft:gravel":98,"minecraft:sand":2,"minecraft:stripped_spruce_log":1,"minecraft:spruce_sapling":8,"minecraft:white_bed":1,"minecraft:spruce_log":358,"minecraft:arrow":4,"minecraft:stone_axe":1,"minecraft:oak_sapling":2,"minecraft:snowball":26,"minecraft:coal":20,"minecraft:white_wool":5,"minecraft:cobblestone":18},"minecraft:killed":{"minecraft:skeleton":1,"minecraft:zombie":1},"minecraft:dropped":{"minecraft:iron_ingot":17,"minecraft:stone_axe":1,"minecraft:flint":10,"minecraft:tipped_arrow":1,"minecraft:arrow":2,"minecraft:wooden_pickaxe":1},"minecraft:crafted":{"minecraft:oak_planks":48,"minecraft:stone_shovel":1,"minecraft:emerald":62,"minecraft:crafting_table":1,"minecraft:spruce_planks":1436,"minecraft:spruce_button":1,"minecraft:wooden_pickaxe":1,"minecraft:birch_planks":24,"minecraft:stone_axe":3,"minecraft:iron_chestplate":1,"minecraft:stick":2972,"minecraft:iron_ingot":1,"minecraft:stone_pickaxe":1,"minecraft:stone_sword":1,"minecraft:iron_leggings":1,"minecraft:oak_button":1,"minecraft:white_bed":1},"minecraft:broken":{"minecraft:stone_axe":2}},"DataVersion":3465}