{"stats":{"minecraft:mined":{"minecraft:white_bed":1,"minecraft:red_bed":1,"minecraft:crafting_table":5,"minecraft:grass_block":3,"minecraft:spruce_leaves":14,"minecraft:spruce_sapling":1,"minecraft:snow":1,"minecraft:spruce_log":242,"minecraft:birch_leaves":3,"minecraft:stripped_spruce_log":1,"minecraft:coal_ore":20,"minecraft:oak_log":12,"minecraft:dirt":9,"minecraft:gravel":109,"minecraft:sand":4,"minecraft:stone":18,"minecraft:oak_leaves":27,"minecraft:fern":2},"minecraft:custom":{"minecraft:interact_with_furnace":2,"minecraft:traded_with_villager":58,"minecraft:interact_with_crafting_table":8,"minecraft:time_since_death":45123,"minecraft:leave_game":2,"minecraft:sleep_in_bed":3,"minecraft:time_since_rest":7184,"minecraft:sprint_one_cm":117446,"minecraft:damage_taken":196,"minecraft:walk_one_cm":64645,"minecraft:drop":10,"minecraft:talked_to_villager":21,"minecraft:swim_one_cm":5708,"minecraft:fly_one_cm":141766,"minecraft:open_chest":9,"minecraft:crouch_one_cm":5917,"minecraft:play_time":45123,"minecraft:sneak_time":2123,"minecraft:walk_under_water_one_cm":1802,"minecraft:jump":803,"minecraft:walk_on_water_one_cm":5915,"minecraft:total_world_time":45123,"minecraft:fall_one_cm":17964},"minecraft:used":{"minecraft:stone_sword":28,"minecraft:birch_planks":10,"minecraft:stone_shovel":57,"minecraft:stone_pickaxe":39,"minecraft:wooden_pickaxe":7,"minecraft:fletching_table":1,"minecraft:dirt":11,"minecraft:sand":2,"minecraft:crafting_table":5,"minecraft:red_bed":1,"minecraft:white_bed":2,"minecraft:bread":9,"minecraft:spruce_sapling":8,"minecraft:gravel":60,"minecraft:stone_axe":276,"minecraft:cobblestone":1,"minecraft:potato":2},"minecraft:picked_up":{"minecraft:birch_log":6,"minecraft:crafting_table":5,"minecraft:flint":10,"minecraft:oak_log":12,"minecraft:dirt":11,"minecraft:red_bed":1,"minecraft:iron_ingot":17,"minecraft:fletching_table":1,"minecraft:stick":9,"minecraft:gravel":98,"minecraft:sand":2,"minecraft:stripped_spruce_log":1,"minecraft:spruce_sapling":8,"minecraft:white_bed":1,"minecraft:spruce_log":263,"minecraft:stone_axe":1,"minecraft:oak_sapling":2,"minecraft:snowball":1,"minecraft:coal":20,"minecraft:white_wool":5,"minecraft:cobblestone":18},"minecraft:dropped":{"minecraft:iron_ingot":17,"minecraft:stone_axe":1,"minecraft:flint":10,"minecraft:wooden_pickaxe":1},"minecraft:crafted":{"minecraft:oak_planks":24,"minecraft:stone_shovel":1,"minecraft:emerald":56,"minecraft:crafting_table":1,"minecraft:spruce_planks":924,"minecraft:wooden_pickaxe":1,"minecraft:birch_planks":24,"minecraft:stone_axe":3,"minecraft:iron_chestplate":1,"minecraft:stick":1900,"minecraft:stone_pickaxe":1,"minecraft:stone_sword":1,"minecraft:iron_leggings":1,"minecraft:white_bed":1},"minecraft:broken":{"minecraft:stone_axe":1}},"DataVersion":3465}