{"stats":{"minecraft:mined":{"minecraft:spruce_planks":106,"minecraft:white_bed":3,"minecraft:glass_pane":10,"minecraft:red_bed":2,"minecraft:snow_block":30,"minecraft:crafting_table":7,"minecraft:torch":6,"minecraft:grass_block":9,"minecraft:cobblestone":1,"minecraft:spruce_leaves":19,"minecraft:wall_torch":4,"minecraft:blue_bed":1,"minecraft:spruce_stairs":6,"minecraft:furnace":2,"minecraft:spruce_sapling":1,"minecraft:stripped_spruce_wood":5,"minecraft:birch_log":19,"minecraft:iron_ore":37,"minecraft:snow":28,"minecraft:ice":1,"minecraft:pumpkin":1,"minecraft:spruce_log":337,"minecraft:birch_leaves":5,"minecraft:stripped_spruce_log":1,"minecraft:grass":3,"minecraft:coal_ore":38,"minecraft:oak_log":58,"minecraft:deepslate_iron_ore":1,"minecraft:gravel":166,"minecraft:sand":4,"minecraft:dirt":21,"minecraft:stone":59,"minecraft:spruce_slab":43,"minecraft:oak_leaves":35,"minecraft:fern":2},"minecraft:custom":{"minecraft:interact_with_furnace":7,"minecraft:mob_kills":14,"minecraft:traded_with_villager":136,"minecraft:interact_with_crafting_table":23,"minecraft:leave_game":3,"minecraft:time_since_death":129200,"minecraft:sleep_in_bed":7,"minecraft:time_since_rest":53693,"minecraft:sprint_one_cm":280833,"minecraft:damage_taken":914,"minecraft:walk_one_cm":200218,"minecraft:damage_blocked_by_shield":60,"minecraft:drop":41,"minecraft:damage_dealt":826,"minecraft:talked_to_villager":63,"minecraft:swim_one_cm":15901,"minecraft:fly_one_cm":343026,"minecraft:open_chest":11,"minecraft:crouch_one_cm":13160,"minecraft:play_time":129200,"minecraft:sneak_time":4351,"minecraft:walk_under_water_one_cm":27407,"minecraft:jump":2083,"minecraft:interact_with_blast_furnace":1,"minecraft:walk_on_water_one_cm":29085,"minecraft:total_world_time":129200,"minecraft:fall_one_cm":47869},"minecraft:used":{"minecraft:cooked_mutton":5,"minecraft:stone_sword":88,"minecraft:birch_planks":10,"minecraft:stone_shovel":256,"minecraft:stone_pickaxe":135,"minecraft:wooden_pickaxe":12,"minecraft:shield":2,"minecraft:fletching_table":1,"minecraft:rotten_flesh":3,"minecraft:white_wool":7,"minecraft:torch":51,"minecraft:dirt":44,"minecraft:sand":2,"minecraft:crafting_table":7,"minecraft:red_bed":1,"minecraft:white_bed":3,"minecraft:snowball":160,"minecraft:birch_sapling":1,"minecraft:bread":15,"minecraft:iron_pickaxe":5,"minecraft:spruce_sapling":8,"minecraft:gravel":68,"minecraft:stone_axe":614,"minecraft:bow":30,"minecraft:cobblestone":25,"minecraft:furnace":1,"minecraft:potato":34,"minecraft:stripped_spruce_wood":9},"minecraft:picked_up":{"minecraft:birch_log":25,"minecraft:crafting_table":7,"minecraft:wooden_pickaxe":2,"minecraft:flint":35,"minecraft:stripped_spruce_wood":119,"minecraft:oak_log":58,"minecraft:gunpowder":2,"minecraft:blue_bed":1,"minecraft:dirt":48,"minecraft:red_bed":2,"minecraft:lantern":6,"minecraft:iron_leggings":1,"minecraft:cooked_mutton":1,"minecraft:bone":2,"minecraft:wheat_seeds":1,"minecraft:spruce_planks":106,"minecraft:iron_ingot":17,"minecraft:iron_pickaxe":1,"minecraft:fletching_table":1,"minecraft:spruce_slab":42,"minecraft:birch_sapling":1,"minecraft:furnace":2,"minecraft:tipped_arrow":2,"minecraft:stick":17,"minecraft:raw_iron":38,"minecraft:pumpkin":1,"minecraft:spruce_fence":12,"minecraft:torch":15,"minecraft:spruce_stairs":20,"minecraft:gravel":148,"minecraft:sand":2,"minecraft:stripped_spruce_log":1,"minecraft:spruce_sapling":8,"minecraft:white_bed":3,"minecraft:spruce_log":358,"minecraft:spruce_door":2,"minecraft:arrow":6,"minecraft:rotten_flesh":5,"minecraft:stone_axe":1,"minecraft:emerald":1,"minecraft:mutton":8,"minecraft:oak_sapling":2,"minecraft:coal":38,"minecraft:snowball":235,"minecraft:white_wool":10,"minecraft:cobblestone":57},"minecraft:killed":{"minecraft:zombie_villager":1,"minecraft:creeper":3,"minecraft:sheep":5,"minecraft:skeleton":1,"minecraft:zombie":3,"minecraft:stray":1},"minecraft:dropped":{"minecraft:iron_ingot":17,"minecraft:stone_axe":1,"minecraft:wheat_seeds":1,"minecraft:spruce_button":1,"minecraft:spruce_stairs":20,"minecraft:spruce_fence":12,"minecraft:pumpkin_seeds":4,"minecraft:flint":25,"minecraft:dirt":4,"minecraft:tipped_arrow":1,"minecraft:gunpowder":2,"minecraft:oak_button":1,"minecraft:oak_sapling":2,"minecraft:snowball":85,"minecraft:iron_leggings":1,"minecraft:arrow":2,"minecraft:wooden_pickaxe":2,"minecraft:bone":2},"minecraft:crafted":{"minecraft:oak_planks":232,"minecraft:stone_shovel":2,"minecraft:arrow":64,"minecraft:emerald":119,"minecraft:crafting_table":1,"minecraft:spruce_planks":1876,"minecraft:spruce_button":31,"minecraft:wooden_pickaxe":1,"minecraft:pumpkin_seeds":4,"minecraft:birch_planks":100,"minecraft:stone_axe":6,"minecraft:cooked_mutton":7,"minecraft:bread":3,"minecraft:bow":1,"minecraft:iron_chestplate":1,"minecraft:shield":1,"minecraft:stick":4512,"minecraft:flint":80,"minecraft:iron_ingot":1,"minecraft:stone_pickaxe":1,"minecraft:stone_sword":1,"minecraft:iron_leggings":3,"minecraft:oak_button":1,"minecraft:white_bed":1,"minecraft:torch":36},"minecraft:broken":{"minecraft:stone_pickaxe":1,"minecraft:stone_axe":3,"minecraft:iron_pickaxe":1,"minecraft:stone_shovel":1}},"DataVersion":3465}